Name,Season,0-19,20-29,30-39,40-49,50+,XP,Total,Seasons
AJ Cole III,2019,0.0,0.0,0.0,0.0,0.0,0.0,0.0,2
Aaron Elling,2003,0.0,0.9292069140823592,-4.283015699773318,-2.565656565656564,-2.920056100981767,0.782778304672265,-8.056743147657023,3
Aaron Pettrey,2010,0.0,-2.728301886792453,0.0,-2.1943462897526502,0.0,0.04530477759472795,-4.877343398950375,1
Adam Podlesh,2007,0.0,0.0,0.0,0.0,0.0,0.0,0.0,7
Adam Vinatieri,1996,1.1181818181818186,4.361743070628838,-12.199431797026497,28.903364273797358,6.048634117205938,-5.517447533776952,22.71504394901051,24
Al Del Greco,1984,1.0906604242767233,-5.204788545827167,18.555167801923087,2.935301017246899,10.138296835601484,4.405690106786414,31.92032764000744,17
Al Dorow,1960,0.0,0.0,0.0,0.0,0.0,0.0,0.0,1
Al Herline,1987,0.0,0.0,0.0,0.0,0.0,0.0,0.0,1
Aldrick Rosas,2017,0.0,1.4552807024954946,-2.6512464960338376,-13.143221454058875,3.526006030023827,-2.2644322598070588,-13.07761347738045,4
Alex Henery,2011,0.0,-0.31901489622030343,-2.294927176115298,-1.3130674259715462,-6.206435948157802,-0.39680190584136366,-10.530247352306315,4
Alex Waits,1991,0.0,0.0,0.0,0.0,0.0,0.0,0.0,1
Ali Haji-Sheikh,1983,0.3612040133779262,6.443597944389326,-6.90989587981055,-3.4851796601135185,-3.882505526088755,-4.551321648388774,-12.024100756634347,5
Allan Leavitt,1977,0.5625,-1.1024096385542173,-0.7422680412371134,-0.9545454545454544,-0.5454545454545454,0.403225806451613,-2.3789518733397172,1
Allan Watson,1970,0.5294117647058825,1.7765363128491618,-1.92,-1.9090909090909094,-0.6986301369863013,-0.7881462799495589,-3.0099192484717254,1
Allen Green,1961,-0.23076923076922995,-5.0,1.7045454545454544,-2.495049504950495,-0.6666666666666666,0.5512572533849109,-6.136682694456026,1
Andrew Franks,2015,0.0,-4.8111864406779645,2.186145510835913,-5.776338231435319,-1.3,0.7713762149190444,-8.930002946358325,2
Andy Groom,2005,0.0,0.0,0.0,0.0,0.0,0.0,0.0,1
Andy Lee,2004,0.0,0.0,0.0,0.0,0.0,0.0,0.0,17
Andy Russell,1966,0.0,0.0,0.0,0.0,0.0,0.03159851301115246,0.03159851301115246,1
Andy Stynchula,1964,0.609375,-0.5769230769230762,-4.824742268041238,0.0,0.0,-0.53524356087649,-5.327533905840804,2
Austin Seibert,2019,0.0,0.2975206611570238,2.343396226415093,-1.115465587044533,-0.4758620689655175,-3.7937146585471897,-2.744125426985123,2
B.J. Sander,2005,0.0,0.0,0.0,0.0,0.0,0.0,0.0,1
Babe Parilli,1964,0.0,0.0,0.0,0.0,0.0,0.0,0.0,1
Bake Turner,1969,0.0,0.0,0.0,0.0,0.0,0.0,0.0,1
Barry Bowman,1987,0.0,0.0,0.0,0.0,0.0,0.0,0.0,1
Barry Cantrell,2000,0.0,0.0,0.0,0.0,0.0,0.0,0.0,1
Barry Helton,1988,0.0,0.0,0.0,0.0,0.0,0.0,0.0,4
Ben Agajanian,1960,2.3242553778268062,2.1645390070921993,0.006112385713796353,-0.007954043305346215,-0.8571428571428571,1.9561843559771264,5.5859942261617235,3
Ben Graham,2005,0.0,0.0,0.0,0.0,0.0,0.0,0.0,8
Ben Roethlisberger,2005,0.0,0.0,0.0,0.0,0.0,0.0,0.0,5
Benny Ricardo,1976,0.7678571428571431,-0.24152755369823897,10.788848697365637,-10.968459569115154,-4.917576125827106,2.1978346850284076,-2.3730227233893104,7
Bert Rechichar,1960,0.8461538461538461,-4.061538461538461,1.3478260869565217,0.23076923076923062,0.0,0.1925925925925931,-1.4441967050662696,1
Bill Anderson,1962,0.0,0.0,0.0,0.0,0.0,0.0,0.0,1
Bill Bell,1971,-4.097142857142858,1.525654673195656,-1.9661912371716896,-10.027901785714285,-0.4838709677419355,-3.4426136513290286,-18.49206582590414,3
Bill Bradley,1969,0.0,0.0,0.0,0.0,0.0,0.0,0.0,6
Bill Capece,1981,0.0,-1.6786619718309845,-8.351016283392383,-8.157928291117914,4.446867773807021,-1.585114074398625,-15.325852846932882,3
Bill George,1961,-2.0769230769230766,0.0,0.0,0.0,0.0,0.0,-2.0769230769230766,1
Bill Gramatica,2001,0.29999999999999993,-0.34147203393659664,1.4030396028504946,2.026753322339701,-3.2250214447245984,-0.010156753178890976,0.15314269335010944,4
Bill Johnson,1970,0.0,0.0,0.0,0.0,0.0,0.0,0.0,1
Bill LaFleur,2002,0.0,0.0,0.0,0.0,0.0,0.0,0.0,2
Bill Malinchak,1969,0.0,0.0,0.0,0.0,0.0,0.0,0.0,1
Bill Martin,1968,0.0,0.0,0.0,0.0,0.0,0.0,0.0,1
Bill McClard,1972,0.21951219512195141,-3.2257634257634273,-3.3588552879997358,-6.674593847828005,3.9661290322580647,0.9287662174700559,-8.144805116741097,4
Bill Renner,1986,0.0,0.0,0.0,0.0,0.0,0.0,0.0,2
Bill Shockley,1960,3.303847214561499,6.198014184397165,2.197947699437273,-9.85428253615128,-1.1785714285714286,1.0136647441626359,1.6806198778358639,4
Billy Atkins,1960,1.4594594594594592,-1.9066666666666663,-3.5029239766081868,1.7419354838709675,0.0,-4.161682242990658,-6.369877942935084,3
Billy Cundiff,2002,0.0,7.060375391289254,-23.77418423656124,-3.520886792594689,-24.883454614109702,1.6616523901467808,-43.45649786182959,11
Billy Joe Hobert,1996,0.0,0.0,0.0,0.0,0.0,0.0,0.0,1
Billy Kilmer,1961,0.0,0.0,0.0,0.0,0.0,0.0,0.0,2
Billy Lothridge,1964,0.0,0.0,0.0,0.0,0.0,0.0,0.0,9
Billy Van Heusen,1968,0.0,0.0,0.0,0.0,0.0,0.0,0.0,9
Bjorn Nittmo,1989,0.0,-2.166666666666667,3.1547619047619055,-3.296703296703297,0.0,-0.7025738798856054,-3.011181938493664,1
Blair Kiel,1986,0.0,0.0,0.0,0.0,0.0,0.0,0.0,2
Blair Walsh,2012,0.0,0.11476903476291422,-8.908020028129235,-5.34883552614012,6.086989169770627,-3.8172303108078474,-11.872327660543661,6
Bob Chandler,1973,0.0,0.0,0.0,0.0,0.0,0.023316062176165775,0.023316062176165775,1
Bob Etter,1968,2.0180281690140864,4.150371287128713,-0.37298323315406456,-8.109740750062924,-1.0166320166320166,-0.692691184280406,-4.023647727986613,2
Bob Grupp,1979,0.0,0.0,0.0,0.0,0.0,0.0,0.0,3
Bob Humphreys,1967,-0.1200000000000001,-8.72923076923077,-1.2452361226180604,1.1712068419385493,-0.42857142857142855,-0.5729136819484255,-9.924745160430135,2
Bob Jencks,1963,0.046875,-12.579570791527313,-6.111885991510005,-5.7282229965156795,-0.9898989898989898,-4.864153175272634,-30.22685694472462,3
Bob Khayat,1960,-1.4309274586173322,2.9613256308908475,-2.9573913043478264,-0.6536210131332088,-1.103174603174603,1.582541926949819,-1.6012468214323037,3
Bob Laraba,1960,0.0,0.0,0.0,0.0,0.0,-0.8878504672897196,-0.8878504672897196,2
Bob Lee,1969,0.0,0.0,0.0,0.0,0.0,0.0,0.0,2
Bob Parsons,1973,0.0,0.0,0.0,0.0,0.0,0.0,0.0,11
Bob Scarpitto,1965,0.0,0.0,0.0,0.0,0.0,0.0,0.0,4
Bob Stein,1971,0.0,0.0,-1.6733668341708543,0.0,0.0,0.0,-1.6733668341708543,1
Bob Thomas,1975,1.379432276343032,-9.774140605748382,-2.9510519900154786,-0.2323175634794099,-7.652725934211505,-7.492398155157866,-26.72320197226961,12
Bob Timberlake,1965,-2.390625,0.0,-3.216494845360825,-8.272727272727273,0.0,-0.2877697841726601,-14.167616902260757,1
Bobby Douglass,1971,0.0,0.0,0.0,0.0,0.0,0.01995012468827928,0.01995012468827928,1
Bobby Franklin,1964,0.0,0.0,0.0,0.0,0.0,0.0,0.0,2
Bobby Howfield,1968,-6.617034757600485,-8.567134615688563,8.707525778816745,4.7216683972996005,0.9934658573990804,-3.214346342098395,-3.9758556818720168,7
Bobby Joe Conrad,1960,-2.6153846153846154,-2.0307692307692307,0.0,0.0,0.0,0.046918356138216044,-4.59923549001563,3
Bobby Joe Green,1960,0.0,0.0,0.0,0.0,0.0,0.0,0.0,14
Bobby Layne,1960,3.3846153846153846,-1.0615384615384618,0.0,0.0,0.0,-0.1487594622346391,2.1743174608422837,2
Bobby Scott,1977,0.0,0.0,0.0,0.0,0.0,0.0,0.0,1
Bobby Walden,1964,0.0,0.0,0.0,0.0,0.0,0.0,0.0,14
Bobby Walston,1960,2.8052580331061336,2.1629370629370617,-3.7603162055335972,-5.529413556740289,0.0,-1.9817948828567538,-6.3033295490874455,3
Boomer Esiason,1986,0.0,0.0,0.0,0.0,0.0,0.0,0.0,3
Booth Lusteg,1966,0.45802816901408216,-1.8929620462046195,-9.652460430039493,-2.18231599884587,-2.9140418614102823,-0.9470314463168492,-17.130783613803032,4
Boris Shlapak,1972,0.0,0.0,0.0,-5.7421875,-2.25,0.10096153846153832,-7.891225961538462,1
Boyd Dowler,1960,0.0,0.0,0.0,0.0,0.0,0.0,0.0,4
Brad Costello,1998,0.0,0.0,0.0,0.0,0.0,0.0,0.0,2
Brad Daluiso,1991,0.5454545454545456,2.3781473908412334,4.429349535991429,-21.72857856059197,-0.12725808674084504,-0.6635969470299108,-15.16648212207552,11
Brad Maynard,1997,0.0,0.0,0.0,0.0,0.0,0.0,0.0,15
Brad Nortman,2012,0.0,0.0,0.0,0.0,0.0,0.0,0.0,6
Brad Wing,2014,0.0,0.0,0.0,0.0,0.0,0.0,0.0,4
Braden Beck,1971,0.23571428571428588,0.0,-1.6733668341708543,0.0,0.0,-0.9600997506234414,-2.39775229908001,1
Braden Mann,2020,0.0,0.0,0.0,0.0,0.0,0.0,0.0,1
Bradley Pinion,2015,0.0,0.0,0.0,0.0,0.0,0.0,0.0,6
Brandon Coutu,2011,0.0,0.0,0.0,-2.2199999999999998,0.0,0.0173985086992543,-2.2026014913007455,1
Brandon Fields,2007,0.0,0.0,0.0,0.0,0.0,0.0,0.0,9
Brandon McManus,2014,0.0,-2.3011289535652684,7.700371729834372,7.054138463004409,-10.287156736997595,7.002723430695006,9.16894793297092,7
Brandon Wright,2020,0.0,0.0,0.0,0.0,0.0,-0.868421052631579,-0.868421052631579,1
Brendan Toibin,1987,0.0,0.0,-2.189516129032258,-1.6153846153846154,0.0,0.13026819923371669,-3.6746325451831567,1
Brent Bartholomew,1999,0.0,0.0,0.0,0.0,0.0,0.0,0.0,2
Brett Conway,1999,0.0,-2.340984004379113,-6.619301479992851,6.713918051156973,-1.1577704298535672,0.24869579599007485,-3.1554420670784826,5
Brett Hartmann,2011,0.0,0.0,0.0,0.0,0.0,0.0,0.0,1
Brett Kern,2008,0.0,0.0,0.0,0.0,0.0,0.0,0.0,13
Brett Maher,2018,0.0,0.8789732994278392,-8.505216426193119,-11.877183833116035,2.695235934664246,3.0988188844648192,-13.70937214075225,2
Brian Franco,1987,0.0,0.6398104265402846,-2.189516129032258,0.0,0.0,0.06513409961685834,-1.484571602875115,1
Brian Gowins,1999,0.0,0.48275862068965525,0.0,-1.0529801324503312,-1.4482758620689655,0.03386641580432759,-1.9846309580253139,1
Brian Hansen,1984,0.0,0.0,0.0,0.0,0.0,0.0,0.0,15
Brian Moorman,2001,0.0,0.0,0.0,0.0,0.0,0.0,0.0,13
Brian Sipe,1976,0.0,0.0,0.0,0.0,0.0,0.09131403118040093,0.09131403118040093,1
Brig Owens,1967,0.0,0.0,-1.6194690265486724,-0.8769230769230769,0.0,-0.9176672384219553,-3.414059341893705,1
Britton Colquitt,2010,0.0,0.0,0.0,0.0,0.0,0.0,0.0,11
Brooks Barnard,2003,0.0,0.0,0.0,0.0,0.0,0.0,0.0,1
Bruce Alford,1967,-0.7307032590051445,2.950162513542798,2.3427345748062915,-6.618924977461563,2.1818181818181817,-1.3502050542797672,-1.2251180205792034,3
Bruce Barnes,1973,0.0,0.0,0.0,0.0,0.0,0.0,0.0,2
Bruce Gossett,1964,13.017783038773741,18.9149308562835,1.4911260514470395,0.05472698385072228,-2.1335319324713935,3.3371108981010025,34.682145895984604,11
Bryan Anger,2012,0.0,0.0,0.0,0.0,0.0,0.0,0.0,9
Bryan Barker,1990,0.0,0.0,0.0,0.0,0.0,0.0,0.0,16
Bryan Wagner,1987,0.0,0.0,0.0,0.0,0.0,0.0,0.0,9
Bucky Dilts,1977,0.0,0.0,0.0,0.0,0.0,0.0,0.0,3
Bucky Scribner,1983,0.0,0.0,0.0,0.0,0.0,0.0,0.0,5
Bud Whitehead,1964,0.0,0.0,0.0,0.0,0.0,0.0,0.0,2
Buzz Sawyer,1987,0.0,0.0,0.0,0.0,0.0,0.0,0.0,1
Cairo Santos,2014,0.0,-2.8034177220200425,-2.584609563782425,-2.9713264664014662,-7.785467795606079,2.5940416565051745,-13.550779891304838,7
Caleb Sturgis,2013,0.0,2.7998845974971083,-3.37284575082473,-12.619895191948466,-8.083804353541193,-4.490692009064643,-25.767352707881926,6
Cameron Johnston,2018,0.0,0.0,0.0,0.0,0.0,0.0,0.0,3
Carl Birdsong,1981,0.0,0.0,0.0,0.0,0.0,0.0,0.0,5
Carlos Huerta,1996,0.0,0.0,-3.708333333333332,-0.8507462686567162,0.0,0.07063572149344122,-4.488443880496607,1
Carson Long,1977,0.0,1.2650602409638552,0.38659793814432986,1.0909090909090913,0.0,0.12903225806451601,2.8715995280817923,1
Cary Blanchard,1992,0.0,2.845118252563308,-7.379985949715605,9.318796923029035,1.4968648998060754,1.197232965840545,7.478027091523361,8
Case deBruijn,1982,0.0,0.0,0.0,0.0,0.0,0.0,0.0,1
Cedric Oglesby,2001,0.29999999999999993,0.3146067415730338,-2.0922509225092254,1.2071005917159763,0.0,0.12950340798442106,-0.1410401812357942,1
Chad Pennington,2006,0.0,0.0,0.0,0.0,0.0,0.0,0.0,1
Chad Stanley,1999,0.0,0.0,0.0,0.0,0.0,0.0,0.0,8
Chandler Catanzaro,2014,0.0,-0.6023952434581146,-0.8802180296843312,-5.955908126607141,0.4942412850307587,-3.700415598893361,-10.644695713612188,5
Charlie Baumann,1991,0.0,1.8456135611535087,-10.978743626105059,5.231747787610619,-1.3404255319148937,-2.222568517311279,-7.464376326567104,2
Charlie Conerly,1960,0.0,0.0,0.0,0.0,0.0,0.0,0.0,1
Charlie Durkee,1967,4.648539235412475,-9.118191161112032,12.85558490741506,-4.62059965896173,-3.400937297996122,1.5710006522787001,1.935396677036353,4
Charlie Gogolak,1966,1.1873899869807087,-5.897682566007584,12.686600799533007,-0.939399770488131,-1.3215219510545857,0.5637053154421614,6.279091814405577,6
Charlie Milstead,1960,0.0,0.0,0.0,0.0,0.0,0.05607476635514019,0.05607476635514019,2
Chas Henry,2011,0.0,0.0,0.0,0.0,0.0,0.0,0.0,2
Chase McLaughlin,2019,0.0,0.38518878625830266,1.216266715515662,-5.83238866396761,2.845908389089037,0.8532405393649429,-0.5317842337396657,2
Chester Marcol,1972,1.9023641114982563,0.6957381082508572,-10.323298218305585,16.94825037724579,0.507334533842147,-0.5414307328223043,9.188958179709157,9
Chip Lohmiller,1988,0.3585858585858588,-2.1738166649278634,-7.608969256190102,-15.020160218399258,-3.3577176038303236,-0.8020354072112763,-28.604113291972965,9
Chris Bahr,1976,1.6661713286713287,-3.561545191027383,-23.630799078849982,-12.699435588580192,5.404406620456541,-2.5700487782326036,-35.39125068756229,14
Chris Boniol,1994,0.8181818181818188,2.1125427248833937,3.397935147649209,-14.728922192132021,-2.840245960935616,-3.2383627483507667,-14.478871210703986,6
Chris Boswell,2015,0.0,2.7200064741887613,-1.4378318291094256,6.71151006033685,4.001852655430275,0.9778914116356034,12.973428772482062,6
Chris Bryan,2010,0.0,0.0,0.0,0.0,0.0,0.0,0.0,1
Chris Gardocki,1992,0.0,0.0,0.0,0.0,0.0,0.0,0.0,15
Chris Hanson,1999,0.0,0.0,0.0,0.0,0.0,0.0,0.0,10
Chris Jacke,1989,0.0,5.549188523827054,-13.293910744547015,1.1727872530620296,11.601929131510998,1.4436127602752533,6.473606924128316,11
Chris Jones,2011,0.0,0.0,0.0,0.0,0.0,0.0,0.0,10
Chris Kelley,1987,0.0,0.0,0.0,0.0,0.0,0.03256704980842917,0.03256704980842917,1
Chris Kluwe,2005,0.0,0.0,0.0,0.0,0.0,0.0,0.0,8
Chris Miller,1989,0.0,0.16666666666666674,0.0,0.0,0.0,0.0,0.16666666666666674,1
Chris Mohr,1989,0.0,0.0,0.0,0.0,0.0,0.02287893231649185,0.02287893231649185,15
Chris Norman,1984,0.0,0.0,0.0,0.0,0.0,0.0,0.0,3
Chuck Howley,1964,0.0,0.0,0.0,0.0,0.0,0.0,0.0,1
Chuck Latourette,1967,0.0,0.0,0.0,0.0,0.0,0.0,0.0,4
Chuck Mercein,1965,0.16901408450704236,-5.739417241972337,-1.6082474226804124,-1.4482758620689655,0.0,-0.6314218852621036,-9.258348327476774,3
Chuck Nelson,1983,-2.5909090909090913,-6.7038958873909635,5.849876984967694,-17.941334556077322,3.4535104364326377,-2.412417236336541,-20.345169349313586,5
Chuck Ramsey,1977,0.0,0.0,0.0,0.0,0.0,0.0,0.0,8
Cliff Olander,1979,0.0,0.0,0.0,-1.35,0.0,0.08747697974217317,-1.2625230202578268,1
Cliff Parsley,1977,0.0,0.0,0.0,0.0,0.0,0.0,0.0,6
Clint Stitser,2010,0.0,0.0,0.0,0.0,0.0,-1.909390444810544,-1.909390444810544,1
Clyde Washington,1960,0.0,0.0,0.0,0.0,0.0,0.0,0.0,1
Cody Parkey,2014,0.0,2.5570830008824763,-5.332680940494224,-5.696965658947397,5.239615103589696,0.0249714919051911,-3.2079770030642556,7
Colby Wadman,2018,0.0,0.0,0.0,0.0,0.0,0.0,0.0,2
Cole Ford,1995,0.15789473684210542,-8.674143729812217,0.5194294699011675,-3.0540008951298985,-1.6451307313376282,-1.6788041766389021,-14.374755326175373,3
Colin Ridgway,1965,0.0,0.0,0.0,0.0,0.0,0.0,0.0,1
Colton Schmidt,2014,0.0,0.0,0.0,0.0,0.0,0.0,0.0,5
Connor Barth,2008,0.0,1.6557188928869415,1.27058372540959,-2.7664672560085557,-0.6387977051200835,3.6429897466885635,3.164027403856455,9
Cookie Gilchrist,1962,-4.040816326530613,-3.2553191489361706,1.2452830188679243,0.19354838709677402,-0.8571428571428571,-1.877887788778878,-8.59233471542382,1
Corey Bojorquez,2018,0.0,0.0,0.0,0.0,0.0,0.0,0.0,3
Cotton Davidson,1960,-1.6487175951461668,-1.44,-1.1111111111111112,-0.6724137931034483,0.0,0.8969828758576783,-3.975259623503047,3
Craig Colquitt,1978,0.0,0.0,0.0,0.0,0.0,0.0,0.0,7
Craig Hentrich,1994,0.0,0.0,-0.37538314828690167,-1.1345114707183668,-5.369841733219342,0.10651988722795758,-6.773216464996653,16
Craig Jarrett,2002,0.0,0.0,0.0,0.0,0.0,0.0,0.0,1
Curley Johnson,1960,0.0,0.0,-1.1578947368421053,0.0,0.0,0.0,-1.1578947368421053,10
Curt Knight,1969,2.022855503176881,-4.386473957782001,-7.463417665984902,-5.573754652473919,-1.8613262218575306,0.9151531751182453,-16.34696381980322,5
Curtis Burrow,1988,0.0,0.0,0.0,-1.7231404958677685,0.0,-1.843062200956938,-3.5662026968247065,1
Dainard Paulson,1962,0.0,0.0,0.0,0.0,0.0,0.0,0.0,1
Dale Dawson,1987,0.0,-2.041666666666666,-3.0131785995279308,-6.569294342021616,0.0,-0.6735595519624553,-12.297699160178666,2
Dale Hackbart,1962,0.0,0.0,0.0,0.0,0.0,0.0,0.0,1
Dale Hatcher,1985,0.0,0.0,0.0,0.0,0.0,0.0,0.0,7
Dale Livingston,1968,-6.053274139844618,-6.921357971637302,-6.087887323943662,-4.285714285714286,-0.40909090909090906,-1.2146576238360751,-24.97198225406685,3
Dale Walters,1987,0.0,0.0,0.0,0.0,0.0,0.0,0.0,1
Dan Bailey,2011,0.0,-3.9090414480588414,15.168940046082401,8.715995588032772,5.985142113075627,3.4654622601007787,29.426498559232744,10
Dan Birdwell,1962,0.0,0.0,0.0,-0.967741935483871,0.0,0.0,-0.967741935483871,1
Dan Carpenter,2008,0.0,3.7377770038858285,9.964665338801456,0.3959709308067776,-3.024557546469572,-6.1209968479249035,4.952858879099589,9
Dan Doornink,1982,0.0,0.0,0.0,0.0,0.0,0.0,0.0,1
Dan Melville,1979,0.0,0.0,0.0,0.0,0.0,0.0,0.0,1
Dan Miller,1982,0.0,1.4250000000000003,-8.503937007874015,0.5033557046979862,2.25,-0.4727891156462576,-4.7983704188222855,1
Dan Pastorini,1971,0.0,0.0,0.0,0.0,0.0,-0.9193548387096774,-0.9193548387096774,6
Dan Reeves,1971,0.0,0.0,0.0,0.0,0.0,0.01995012468827928,0.01995012468827928,1
Dan Stryzinski,1990,0.0,0.0,0.0,0.0,0.0,0.0,0.0,14
Dana Moore,1987,0.0,0.0,0.0,0.0,0.0,0.0,0.0,1
Daniel Carlson,2018,0.0,1.9930365979831204,-2.6833098067950383,-6.958031976943665,3.90011986347753,2.9498310302138044,-0.7983542920642472,3
Daniel Pope,1999,0.0,0.0,0.0,0.0,0.0,0.0,0.0,3
Daniel Sepulveda,2007,0.0,0.0,0.0,0.0,0.0,0.0,0.0,4
Danny Boyd,2002,0.0,0.5252918287937751,0.9896907216494844,0.0,0.0,0.10214592274678136,1.6171284731900408,1
Danny Villanueva,1960,10.694350818536202,12.081370901486688,-6.1302277637432265,-21.86516138695081,1.0645363408521307,2.9230503521023152,-1.2320807377167027,8
Danny White,1976,0.0,0.0,0.0,0.0,0.0,0.0,0.0,10
Daren Parker,1992,0.0,0.0,0.0,0.0,0.0,0.0,0.0,1
Darrell Harper,1960,0.0,0.0,2.526315789473684,0.0,0.0,-0.8727272727272728,1.6535885167464113,1
Darren Bennett,1995,0.0,0.0,0.0,0.0,0.0,0.0,0.0,11
Daryle Lamonica,1963,0.0,0.0,0.0,0.0,0.0,0.0,0.0,1
Dave Baker,1960,0.0,0.0,0.0,0.0,0.0,0.0,0.0,1
Dave Brown,1994,0.0,0.0,0.0,0.0,0.0,0.0,0.0,2
Dave Bruno,1987,0.0,0.0,0.0,0.0,0.0,0.0,0.0,1
Dave Chapple,1971,0.0,0.0,0.0,0.0,0.0,0.0,0.0,4
Dave Conway,1971,0.0,0.0,0.0,-1.1383928571428572,0.0,0.09975062344139651,-1.0386422337014607,1
Dave Dunaway,1969,0.0,0.0,0.0,0.0,0.0,0.0,0.0,1
Dave Finzer,1984,0.0,0.0,0.0,0.0,0.0,0.0,0.0,2
Dave Green,1973,0.245,-4.808752133268805,-14.782755542902077,2.7756783393737927,0.0,-3.389048385206136,-19.959877722003228,6
Dave Jacobs,1979,0.0,-2.976870702890328,-9.821403390706754,-1.4664663461538465,-1.8805970149253732,-2.423024328904024,-18.568361783580322,3
Dave Jennings,1974,0.0,0.0,0.0,0.0,0.0,0.0,0.0,14
Dave Lewis,1970,0.0,0.0,0.0,0.0,0.0,0.0,0.0,4
Dave Lloyd,1965,0.0,0.0,-1.6082474226804124,2.0606060606060606,0.0,0.22661870503597115,0.6789773429616193,1
Dave Mays,1976,0.0,0.0,0.0,0.0,0.0,0.0,0.0,1
Dave Pureifory,1975,0.0,0.0,0.0,0.0,0.0,-1.6578947368421053,-1.6578947368421053,1
Dave Rayner,2005,0.0,-2.817320210463535,-11.729472329472326,-7.848239705776306,-3.2275495168151025,-0.3114571240568189,-25.934038886584084,6
Dave Sherer,1960,0.0,0.0,0.0,0.0,0.0,0.0,0.0,1
Dave Smigelsky,1982,0.0,0.0,0.0,0.0,0.0,0.0,0.0,1
Dave Zastudil,2002,0.0,0.0,0.0,0.0,0.0,0.0,0.0,12
David Akers,1998,0.29999999999999993,9.690781248825768,5.966230515563774,-19.926075825641366,-4.778106678809611,-1.1129839904013068,-9.860154730462742,16
David Beverly,1974,0.0,0.0,0.0,0.0,0.0,0.0,0.0,7
David Buehler,2010,0.0,1.0867924528301884,-6.599999999999998,-0.13780918727915292,2.0917431192660545,-1.601317957166394,-5.160591572349302,1
David Hardy,1987,0.0,0.0,-2.189516129032258,0.0,0.0,0.22796934865900376,-1.9615467803732543,1
David Lee,1966,0.0,0.0,0.0,0.0,0.0,0.0,0.0,13
David Posey,1978,0.2142857142857142,-1.2197802197802194,-5.125560538116591,-2.9142857142857146,0.0,0.14663951120162722,-8.898701246695184,1
David Ray,1970,-4.434174318507886,4.129013544678898,-8.614765406229171,-4.710830193339048,-3.439753320683112,-2.146222953903706,-19.216732647984024,5
David Treadwell,1989,0.48387096774193505,0.4678425678839915,-7.967923682600663,-10.317531567201254,-2.1097099621689788,-1.8317461536299469,-21.275197829974914,6
David Trout,1981,0.75,-3.167011547960751,-3.397308336824466,1.1484375,-0.9402985074626866,-5.4458103063032794,-11.051991198551182,2
David Warnke,1983,0.0,-2.745,0.0,0.0,0.0,-0.9133448873483536,-3.6583448873483535,1
Deacon Jones,1974,0.0,0.0,0.0,0.0,0.0,0.07914572864321612,0.07914572864321612,1
Dean Biasucci,1984,0.20788530465949828,7.727607353939285,-5.344986329777718,-4.551322654792651,4.971048504951077,0.06641327028414956,3.076645449263644,11
Dean Dorsey,1988,0.0,1.2777777777777781,-1.6341463414634145,-6.892561983471074,0.0,-0.4899521531100479,-7.738882700266759,1
Del Shofner,1960,0.0,0.0,0.0,0.0,0.0,0.0,0.0,1
Dennis Partee,1968,4.063078812581804,1.4648810491918356,-17.83347892019985,6.974526763105562,2.473262032085562,-3.200166196692938,-6.057896459928023,8
Dennis Patera,1968,0.16901408450704236,-3.772277227722773,-3.3577981651376145,-0.7241379310344828,-0.34615384615384615,-2.4684014869888475,-10.499754572530522,1
Derrick Frost,2004,0.0,0.0,0.0,0.0,0.0,0.0,0.0,5
Dick Absher,1967,0.0,0.0,0.0,-0.8769230769230769,0.0,0.10977701543739293,-0.767146061485684,1
Dick Anderson,1969,0.0,0.0,0.0,0.0,0.0,0.0,0.0,2
Dick Bielski,1961,-0.6075949367088613,0.4090909090909087,2.874545454545453,0.6487128712871284,0.0,-1.6785570528370588,1.6461972453775697,2
Dick Butkus,1971,0.0,0.0,0.0,0.0,0.0,0.04519050930366386,0.04519050930366386,2
Dick Compton,1963,0.0,0.0,0.0,0.0,0.0,0.0,0.0,1
Dick Guesman,1961,-5.327586206896551,-4.199999999999999,-11.691492153466646,-0.665186584789796,-0.5168067226890758,-1.1016652785925494,-23.502736946434617,4
Dick James,1961,0.0,0.0,0.0,0.0,0.0,0.0,0.0,2
Dick Van Raaphorst,1964,-2.3999999999999995,-5.858333333333334,3.7618595825426944,-10.048960711281989,-1.545112781954887,1.4767879584807275,-14.613759285546788,3
Dirk Johnson,2002,0.0,0.0,0.0,0.0,0.0,0.0,0.0,8
Don Bitterlich,1976,0.0,0.6104651162790699,-3.8316831683168315,-1.3261802575107295,0.0,0.6391982182628064,-3.9082000912856847,1
Don Bracken,1985,0.0,0.0,0.0,0.0,0.0,0.0,0.0,8
Don Chandler,1960,8.460964760079465,6.5863461995814045,5.708907314185534,7.297293519488642,0.481924508240298,-0.7830117156197147,27.75242458595563,8
Don Cockroft,1968,-3.4598532875877934,17.72075629389537,7.547244005481892,28.288652183169887,-1.408580015832256,-0.9753674426816303,47.712851736445465,13
Don Flynn,1960,0.0,0.0,0.0,-0.6290322580645161,0.0,0.0,-0.6290322580645161,1
Don Silvestri,1995,0.0,0.0,0.0,0.0,0.0,0.0,0.0,1
Don Strock,1987,0.0,0.0,0.0,0.0,0.0,0.0,0.0,1
Donald Igwebuike,1985,0.303030303030303,8.118528629842002,17.225296558001354,-3.076117253446669,5.85258811086571,-2.036189369426623,26.387136978866074,6
Donnie Gibbs,1974,0.0,0.0,0.0,0.0,0.0,0.0,0.0,1
Donnie Jones,2004,0.0,0.0,0.0,0.0,0.0,0.0,0.0,15
Donny Anderson,1966,0.0,0.0,0.0,0.0,0.0,0.0,0.0,7
Doug Brien,1994,0.0,0.9349410469536341,4.31008495926507,18.239260529880923,1.5100240007326293,-2.0304110481580633,22.96389948867419,12
Doug Dressler,1971,0.0,0.0,0.0,0.0,0.0,0.0,0.0,2
Doug Elmore,1962,0.0,0.0,0.0,0.0,0.0,0.0,0.0,1
Doug Flutie,2005,0.0,0.0,0.0,0.0,0.0,0.013464991023339312,0.013464991023339312,1
Doug Moreau,1968,-2.7735849056603774,0.6153846153846155,-1.7746478873239435,0.0,0.0,0.06876790830945545,-3.86408026929025,1
Doug Pelfrey,1993,0.2727272727272728,0.0229510450891377,-9.373750351481194,8.157897888119004,-0.6771736883805857,-2.793177055576189,-4.390524889502551,7
Drew Butler,2012,0.0,0.0,0.0,0.0,0.0,0.0,0.0,4
Drew Kaser,2016,0.0,0.0,0.0,0.0,0.0,-1.82010582010582,-1.82010582010582,3
Duane Carrell,1974,0.0,0.0,0.0,0.0,0.0,0.0,0.0,4
Durant Brooks,2008,0.0,0.0,0.0,0.0,0.0,0.0,0.0,1
Dustin Colquitt,2005,0.0,0.0,0.0,0.0,0.0,0.0,0.0,16
Dustin Hopkins,2015,0.0,0.14280214512138345,-1.2986831653825022,3.1891175420281552,-6.595291200794764,2.503989468274874,-2.0580652107528534,6
Eagle Day,1960,0.0,0.0,0.0,0.0,0.0,0.0,0.0,1
Earl Morrall,1961,0.0,0.0,0.0,0.0,0.0,0.0,0.0,5
Ed Brown,1960,-2.0769230769230766,1.0,0.0,0.0,0.0,0.029013539651837505,-1.0479095372712393,6
Ed Holler,1964,0.0,0.0,0.0,0.0,0.0,0.0,0.0,1
Eddie Garcia,1984,0.0,-5.5625,-3.7695652173913046,-2.4216867469879526,1.7528089887640448,-0.5795660036166375,-10.580508979231851,1
Eddie Hare,1979,0.0,0.0,0.0,0.0,0.0,0.0,0.0,1
Eddie Howard,1998,0.0,0.0,0.0,0.0,0.0,0.0,0.0,1
Eddie Johnson,2003,0.0,0.0,0.0,0.0,0.0,0.0,0.0,1
Eddie LeBaron,1960,0.0,0.0,0.0,0.0,0.0,0.0,0.0,1
Eddie Murray,1980,-1.4212384955169335,7.812359376826532,8.7452268579178,29.17338473827064,11.70291454524167,9.643052539034425,65.65569956177414,19
Eddie Wilson,1962,0.0,0.0,0.0,0.0,0.0,0.0,0.0,4
Eddy Pineiro,2019,0.0,0.39669421487603174,-0.39622641509434153,-5.99076923076923,2.5241379310344825,-0.22644628099173403,-3.692609780944791,1
Efren Herrera,1974,3.323402255639098,6.589612860910944,10.933364929972619,5.203120487060055,-0.2533291787443379,7.6205868708523585,33.416758225690735,8
Elliott Fry,2020,0.0,0.13725490196078416,0.0,0.0,0.0,-0.868421052631579,-0.7311661506707948,1
Eric Schubert,1985,0.0,-3.202339545297927,-9.387367793832862,-2.9691125323423955,0.0,0.2833707119114659,-15.275449159561717,3
Ernie Koy,1965,0.0,0.0,0.0,0.0,0.0,0.0,0.0,6
Errol Mann,1968,3.6899449682311967,5.09063278141969,14.121618781340594,-0.7783301225220667,7.310308221479607,-0.34873669211262825,29.085437937836392,11
Evan Arapostathis,1986,0.0,0.0,0.0,0.0,0.0,0.0,0.0,1
Filip Filipovic,2002,0.0,0.0,0.0,0.0,0.0,0.0,0.0,1
Fletcher Smith,1966,0.0,0.0,0.0,0.0,0.0,-1.8780487804878048,-1.8780487804878048,2
Florian Kempf,1982,0.13043478260869557,2.364520142180094,1.8352327426978576,1.8539389259428714,-0.03169014084507038,-0.1529113799857087,5.99952507259874,4
Frank Corral,1978,1.360902255639098,-1.5416978069009017,-5.706106305269417,-8.867723214285718,-4.116911764705883,4.092887811419381,-14.77864902410344,4
Frank Garcia,1981,0.0,0.0,0.0,0.0,0.0,0.0,0.0,6
Frank Lambert,1965,0.0,0.0,0.0,0.0,0.0,0.0,0.0,2
Fred Cone,1960,-1.3076923076923077,-1.0615384615384618,-0.6086956521739131,2.3076923076923075,-1.0714285714285714,-1.261728395061727,-3.0033910802026735,1
Fred Cox,1963,15.572309603779678,22.24552785494252,27.088568690228744,2.556719996989254,-4.580642320101596,4.679480174025844,67.56196399986446,15
Fred Steinfort,1976,0.28571428571428603,-2.1848535488955605,-22.4231353822483,-5.488038906894339,5.673948439620084,0.6620323053470827,-23.474332807356745,6
Fuad Reveiz,1985,0.4997750787224473,2.739916040543788,9.183126836752916,7.785269534057631,-12.094821256300321,-0.9585694083322345,7.154696825444225,10
Garo Yepremian,1966,1.4409246402026825,20.3244068055299,30.00961731494047,15.646220239447565,1.6117529755026103,6.411838215698943,75.44476019132216,14
Garrett Hartley,2008,0.0,-6.187350029251934,-11.661669216826821,-0.22220545344481335,3.785464952751847,0.14268010549857313,-14.143079641273143,6
Garry Lyle,1968,0.0,0.0,0.0,0.0,0.0,0.0,0.0,2
Gary Anderson,1982,-1.5907232863754606,-0.6181062709288154,45.50287176642228,61.058122764641546,-16.71109545109009,11.333488512034553,98.97455803470402,23
Gary Collins,1962,0.0,0.0,0.0,0.0,0.0,0.0,0.0,9
Gary Keithley,1973,0.0,0.0,0.0,0.0,0.0,0.0,0.0,1
Gary Kroner,1965,-5.203636363636362,3.059215686274508,5.660627485638533,-4.637023593466424,-1.003095975232198,-0.2589939024390251,-2.38290666286097,3
Gary Kubiak,1989,0.0,0.0,0.0,0.0,0.0,0.0,0.0,1
Gary Parris,1979,0.0,0.0,0.0,0.0,0.0,0.08747697974217317,0.08747697974217317,1
Gary Wood,1965,0.0,0.0,0.0,0.0,0.0,0.03237410071942448,0.03237410071942448,1
Gene Mingo,1960,-0.07310711236964718,-10.043868051487703,9.68963338737657,15.486658850859047,3.2707615129685617,2.023409789052259,20.353488376399095,9
George Benyola,1987,0.0,0.4265402843601893,-2.189516129032258,-0.23076923076923062,0.0,0.09770114942528751,-1.8960439260160118,1
George Blair,1961,-2.1431210415200574,2.534743221126201,2.0404442820374946,17.147481328460195,0.0,-6.56506338716674,13.014484402937091,4
George Blanda,1960,-0.48384924192672996,4.784105592436206,8.292689565201393,3.3899322508818273,4.548111047525783,14.270210277967866,34.80119949208634,16
George Chesser,1966,0.0,0.0,0.0,0.0,0.0,0.0,0.0,1
George Fleming,1961,0.375,6.24,-5.888888888888888,3.9310344827586206,1.0714285714285716,0.4018691588785046,6.130443324176808,1
George Herring,1960,0.0,0.0,0.0,0.0,0.0,0.0,0.0,2
George Hunt,1973,0.6585365853658542,0.484848484848484,-2.4056639395846444,-7.2909948281107395,-1.4516129032258065,-3.960151349877286,-13.965037950584138,2
George Jakowenko,1976,0.0,2.4418604651162794,0.5049504950495054,2.7167381974248923,0.0,-0.8084632516703785,4.855085905920299,1
George Roberts,1978,0.0,0.0,0.0,0.0,0.0,0.0,0.0,5
George Wilson,1966,0.0,0.0,0.0,0.0,0.0,0.0,0.0,1
George Winslow,1987,0.0,0.0,0.0,0.0,0.0,0.0,0.0,2
George Yarno,1983,0.0,0.0,0.0,0.0,0.0,0.04332755632582319,0.04332755632582319,1
Gerry Perry,1960,-13.251217137293088,8.255244755244753,-5.696719367588933,2.0870906321401366,-0.47368421052631576,-1.4455952759310762,-10.524880603954523,3
Gino Cappelletti,1960,1.2963870238588258,-5.317609100982978,24.02452926185817,-7.563605260533354,-3.063915006915134,1.3988030438946897,10.774589961180219,11
Giorgio Tavecchio,2017,0.0,0.3519112060778722,-3.0,-1.4825211864406778,2.83339029391661,1.4987197338074543,0.20150004736125826,2
Glen Walker,1977,0.0,0.0,0.0,0.0,0.0,0.0,0.0,2
Glenn Pakulak,2008,0.0,0.0,0.0,0.0,0.0,0.0,0.0,2
Graham Gano,2009,0.0,-1.9481827584383553,-15.289168568531048,16.040851678904282,-3.3516653182053786,-4.083969185541139,-8.63213415181163,11
Grant Guthrie,1970,0.7941176470588234,-1.5944683579082337,-0.10673366834170817,-4.601055194805195,1.0950846091861404,-1.1584060026478582,-5.571460967458032,2
Greg Cater,1980,0.0,0.0,0.0,0.0,0.0,0.0,0.0,6
Greg Coleman,1977,0.0,0.0,0.0,0.0,0.0,0.0,0.0,12
Greg Davis,1987,0.29425837320574166,-17.33825513078456,0.8765595586258978,-23.540600983327316,-5.462084651393733,0.5892646956351415,-44.580858138038835,12
Greg Gantt,1974,0.0,0.0,0.0,0.0,0.0,-0.8417085427135678,-0.8417085427135678,2
Greg Horne,1987,0.0,0.0,0.0,0.0,0.0,0.0,0.0,2
Greg Joseph,2018,0.0,0.17307692307692246,1.2352941176470598,-1.0169491525423728,-0.8289473684210529,-1.782380299126709,-2.2199057793661527,2
Greg Montgomery,1988,0.0,0.0,0.0,0.0,0.0,0.0,0.0,9
Greg Zuerlein,2012,0.0,0.5987892186714747,2.2570758224680274,1.020314210572952,-13.021907210066978,3.4941858394813075,-5.651542118873215,9
Guido Merkens,1983,0.0,0.0,0.0,0.0,0.0,0.0,0.0,2
Gus Hollomon,1969,0.0,0.0,0.0,0.0,0.0,0.0,0.0,1
Hal Roberts,1974,0.0,0.0,0.0,0.0,0.0,0.0,0.0,1
Hank Ilesic,1989,0.0,0.0,0.0,0.0,0.0,0.0,0.0,1
Hans Nielsen,1981,0.0,-2.563380281690141,-2.103896103896104,0.0,0.0,0.38756855575868343,-4.2797078298275615,1
Happy Feller,1971,-4.787790940766548,-6.218224398552268,-12.755953837529114,-9.699953007518797,1.5882352941176472,-0.3596420871148167,-32.2333289773639,3
Harold Alexander,1993,0.0,0.0,0.0,0.0,0.0,0.0,0.0,2
Harold Deters,1967,0.8450704225352111,0.0,-1.6194690265486724,-1.7538461538461538,0.0,-0.7255574614065168,-3.253802219266132,1
Harrison Butker,2017,0.0,2.1530606409171424,6.697597522247589,10.90003465312565,1.5819933729893907,-1.6554909500682982,19.677195239211475,4
Harry Newsome,1985,0.0,0.0,0.0,0.0,0.0,0.0,0.0,9
Hayden Epstein,2002,0.0,0.5252918287937751,-1.5154639175257731,-3.855737704918033,-1.5529411764705885,0.18969957081545097,-6.209151399305169,1
Herb Travenio,1964,3.47727272727273,-4.195548489666136,1.191780821917809,-3.2263878875270366,-0.7058823529411764,-1.6411960132890364,-5.099961194232847,2
Herman Weaver,1970,0.0,0.0,0.0,0.0,0.0,0.0,0.0,11
Horst Muhlmann,1969,3.537026095138723,1.2748957121778104,3.537171660916048,8.015924239325274,10.525358518561191,-0.3829919190122162,26.507384307106832,9
Hunter Niswander,2020,0.0,0.0,0.0,0.0,0.0,0.0,0.0,1
Hunter Smith,1999,0.0,0.0,0.0,0.0,0.0,-0.9903083700440528,-0.9903083700440528,12
Ian Howfield,1991,0.09677419354838701,1.5203619909502262,-2.083969465648856,-0.5250000000000001,-2.6808510638297873,-3.321997874601486,-6.994682219581517,1
Ian Sunter,1980,0.0,2.320441988950277,-5.142857142857143,-4.2666666666666675,-0.8624999999999999,0.7650273224043715,-7.186554498169162,1
J.R. Jenkins,2002,0.0,0.0,0.0,0.0,-1.5529411764705885,0.0,-1.5529411764705885,1
JK Scott,2018,0.0,0.0,0.0,0.0,0.0,0.0,0.0,3
Jack Fox,2020,0.0,0.0,0.0,0.0,0.0,0.0,0.0,1
Jack Hill,1961,-1.875,-1.1999999999999997,1.8888888888888888,-3.362068965517241,-0.6428571428571428,0.8971962616822431,-4.293840957803251,1
Jack Spikes,1960,-1.2991400491400489,-3.0112820512820493,-7.100376512056396,-7.251867153980614,-2.392857142857143,-3.1065031266505456,-24.162026035966797,5
Jack Weil,1986,0.0,0.0,0.0,0.0,0.0,0.0,0.0,2
Jackie Simpson,1962,-2.0204081632653064,-2.553191489361702,-3.339622641509434,-0.967741935483871,0.0,-0.5379537953795381,-9.418918024999853,1
Jackie Smith,1964,0.0,0.0,0.0,0.0,0.0,0.0,0.0,3
Jake Arians,2001,0.0,0.9438202247191008,-4.184501845018451,-7.721893491124262,0.0,-0.6854917234664057,-11.648066834890017,1
Jake Bailey,2019,0.0,0.0,0.0,0.0,0.0,0.0,0.0,2
Jake Elliott,2017,0.0,-1.7668561673686458,-4.1020182537202485,10.079879829136075,-5.881332334133889,-1.0881047625066707,-2.7584316885933786,4
Jake Schum,2015,0.0,0.0,0.0,0.0,0.0,0.0,0.0,2
James Hamrick,1987,0.0,0.21327014218009466,0.0,1.3846153846153846,0.0,0.13026819923371669,1.728153726029196,1
James Tuthill,2002,0.0,0.5252918287937751,-5.536082474226806,-3.639344262295082,1.4470588235294115,-0.6935622317596568,-7.8966383159583575,1
Jamie Gillan,2019,0.0,0.0,0.0,0.0,0.0,0.0,0.0,2
Jan Stenerud,1967,4.007125379666953,6.068797030725385,43.198073492225,30.71823409886873,8.409516741204198,6.002148223743142,98.4038949664334,19
Jaret Holmes,1999,0.0,0.19999999999999996,1.7447882915377746,0.0,0.0,0.04672250002519007,1.9915107915629646,3
Jason Baker,2001,0.0,0.0,0.0,0.0,0.0,0.0,0.0,11
Jason Elam,1993,0.23076923076923062,5.39469318588103,25.21510642948543,-9.680809882865944,17.295188606156287,5.504590517925642,43.95953808735166,17
Jason Hanson,1992,0.6157894736842108,11.401747165508517,48.693309200610855,21.66946050751261,9.578855027193107,0.5909038575910124,92.55006523210034,21
Jason Myers,2015,0.0,-0.7105220691515749,0.7163760950818374,13.93523965604501,1.2534148118858424,-8.384742649763858,6.809765844097253,6
Jason Sanders,2018,0.0,1.6107763671266335,0.39707983578117023,-1.037106978659165,9.634677113524933,3.6806621608056993,14.286088498579272,3
Jason Staurovsky,1987,0.20788530465949828,-5.5784167824630035,-1.945997802084049,-5.787741773939588,0.6595208070617908,-0.036785783693856544,-12.481536030459207,6
Jay Feely,2001,0.29999999999999993,-4.964898758996248,1.7524246193654118,7.249092570887078,0.16084948029745183,1.7205629837345349,6.21803089528823,14
Jay Schroeder,1985,0.0,0.0,0.0,0.0,0.0,0.0,0.0,1
Jay Taylor,2004,0.0,0.0,-1.325581395348837,0.8404669260700389,1.2527472527472527,0.09251471825063007,0.8601475017190848,1
Jeff Brockhaus,1987,0.0,-2.3601895734597154,-1.3790322580645162,-1.6153846153846154,0.0,-1.5766283524904203,-6.931234799399267,1
Jeff Chandler,2002,0.23076923076923062,1.3659545932002546,-3.8690199737399458,-2.7354231219511562,-3.3001939237233358,-0.5503025749920951,-8.858215770437049,3
Jeff Feagles,1988,0.0,-2.882562277580071,0.0,0.0,0.0,0.0,-2.882562277580071,21
Jeff Gaffney,1987,0.0,0.6398104265402846,-6.568548387096774,0.0,0.0,-0.8371647509578537,-6.765902711514343,1
Jeff Gossett,1981,0.0,0.0,0.0,0.0,0.0,0.0,0.0,15
Jeff Hall,2000,0.0,0.19999999999999996,0.5406360424028267,-1.2020202020202022,1.3235294117647058,0.08466603951081808,0.9468112916581484,1
Jeff Hayes,1982,0.0,0.0,0.0,0.0,0.0,0.0,0.0,6
Jeff Heath,2017,0.0,0.0,0.0,0.0,0.0,-0.82010582010582,-0.82010582010582,1
Jeff Jaeger,1987,0.9468882372108179,-6.612394722183177,-12.66907930096049,1.334464982467468,9.223217067301022,0.8756301263562598,-6.901273609808101,12
Jeff Locke,2013,0.0,0.0,0.0,0.0,0.0,0.0,0.0,5
Jeff Reed,2002,0.0,-8.629967699932585,14.722986022617748,-9.264035048283523,-3.59047405708872,0.6301592408650283,-6.13133154182205,9
Jeff West,1975,0.0,0.0,0.0,0.0,0.0,0.0,0.0,10
Jeff White,1973,-5.121951219512194,-0.9500000000000006,-0.6475770925110136,0.7105263157894739,-0.967741935483871,-3.4170984455958546,-10.393842377313462,1
Jeff Wilkins,1995,0.15789473684210542,4.694087764997765,12.53698393264684,-7.91440393198799,22.29376044318542,3.7562859832046627,35.52460892888881,13
Jeremy Kapinos,2007,0.0,0.0,0.0,0.0,0.0,0.0,0.0,5
Jerrel Wilson,1963,0.0,0.0,0.0,0.0,0.0,-0.9307535641547862,-0.9307535641547862,16
Jerry Burch,1961,0.0,0.0,0.0,0.0,0.0,0.0,0.0,1
Jerry DePoyster,1968,0.0,-3.772277227722773,0.9633027522935782,-5.793103448275862,-0.34615384615384615,-1.1821561338289968,-10.1303879036879,3
Jerry Hillebrand,1965,0.0,0.0,0.0,-0.9393939393939394,0.0,0.0,-0.9393939393939394,1
Jerry Kauric,1990,0.0,0.6650246305418701,-3.8160000000000007,-1.0468085106382974,0.0,-2.2880859375,-6.485869817596428,1
Jerry Kramer,1962,-1.1885808522018189,-2.841447188197082,5.343302752293578,-0.9975525651808247,-0.34615384615384615,-1.0871982481796252,-1.1176299476196174,3
Jerry Logan,1963,0.0,0.0,0.0,0.0,0.0,0.0,0.0,1
Jerry Norton,1960,0.0,0.0,0.0,0.0,0.0,0.0,0.0,4
Jerry Stovall,1963,0.0,0.0,0.0,0.0,0.0,0.0,0.0,4
Jess Atkinson,1985,0.16666666666666674,-1.6464583646072357,-0.5474452554744529,-3.991416309012875,-1.125,-0.22704826138633694,-7.370701523814234,3
Jim Allison,1965,0.0,0.0,0.0,0.0,0.0,0.0,0.0,1
Jim Arnold,1983,0.0,0.0,0.0,0.0,0.0,0.0,0.0,12
Jim Asmus,1987,0.0,0.0,0.0,0.0,0.0,0.0,0.0,1
Jim Bakken,1962,-1.2689936655699714,7.372566633939935,43.63642831869947,32.817931691242705,-5.283285270580896,7.223284301705078,84.49793200943631,17
Jim Bradshaw,1963,0.0,0.0,0.0,0.0,0.0,0.0,0.0,1
Jim Breech,1979,-3.2622809684594585,7.187017045291889,25.152273957680137,-16.834408411715685,-11.687284816361245,-1.0343852367455284,-0.47906843030988666,14
Jim Christopherson,1962,3.1898734177215187,-2.5909090909090913,2.82,0.3299999999999996,0.0,1.0313075506445664,4.780271877456993,1
Jim Crawford,1960,0.0,0.0,0.0,0.0,-0.75,0.0,-0.75,1
Jim Cunningham,1961,0.0,0.0,0.0,0.0,0.0,0.0,0.0,1
Jim Elliott,1967,0.0,0.0,0.0,0.0,0.0,0.0,0.0,1
Jim Fraser,1962,0.0,0.0,0.0,0.0,0.0,0.13201320132013206,0.13201320132013206,6
Jim Gallery,1987,0.0,-1.7669826224328606,-11.695660522273426,-5.9010989010989015,0.0,0.30700466417570027,-19.05673738162949,2
Jim Houston,1966,0.0,0.0,0.0,0.0,0.0,0.03159851301115246,0.03159851301115246,1
Jim Martin,1960,-19.475961538461537,-3.0089464882943155,9.795280167402929,11.4573721376426,2.0476190476190474,-5.062016768019582,-4.246653442110858,4
Jim McCann,1971,0.0,0.0,0.0,0.0,0.0,0.0,0.0,4
Jim McMahon,1982,0.0,0.0,0.0,0.0,0.0,0.0,0.0,2
Jim Miller,1980,0.0,0.0,0.0,0.0,0.0,0.0,0.0,6
Jim Norton,1961,0.0,0.0,0.0,0.0,0.0,0.0,0.0,8
Jim O'Brien,1970,-3.202807132609141,-1.0579923831091533,-7.199208496345281,-1.9447197539302792,-0.29289594759689086,-0.3432962397468007,-14.040919953337543,4
Jim Turner,1964,3.2687464316980117,3.8890270320124207,23.991104437104138,5.316082988199197,0.5820628873454378,1.8052549268027,38.852278703161915,16
Jimmy Colquitt,1985,0.0,0.0,0.0,0.0,0.0,0.0,0.0,1
Jimmy Keyes,1968,0.6792452830188678,-2.923076923076922,-4.098591549295774,-3.5844155844155843,0.0,0.3438395415472755,-9.582999232222138,1
Jimmy Saxton,1962,0.0,0.0,0.0,0.0,0.0,0.0,0.0,1
Joaquin Zendejas,1983,0.0,0.0,0.0,-1.7447698744769875,0.0,-0.8266897746967072,-2.5714596491736947,1
Joe Barnes,1974,0.0,0.0,0.0,0.0,0.0,0.0,0.0,1
Joe Cooper,1984,0.0,1.1214378238341964,0.6106477373558121,-1.6407957411039509,0.0,0.48902202255018956,0.580311842636247,2
Joe Danelo,1975,1.0575,-2.6717902419798385,-11.572686514125612,-12.957664662935635,-0.3184037202149286,4.914397276981745,-21.548647862274265,10
Joe DiVito,1968,0.0,0.0,0.0,0.0,0.0,0.0,0.0,1
Joe Don Looney,1964,0.0,0.0,0.0,0.0,0.0,0.0,0.0,1
Joe Hergert,1960,0.75,-1.493333333333333,1.1286549707602347,0.353726362625139,0.0,0.0,0.7390480000520409,2
Joe Marconi,1960,0.0,0.0,0.0,0.0,0.0,0.0,0.0,2
Joe Nedney,1996,0.0,10.154174283889132,6.853747037081456,-4.853178193676224,-4.521263338840119,1.4944898847404071,9.127969673194652,14
Joe Pagliei,1960,0.0,0.0,0.0,0.0,0.0,0.0,0.0,1
Joe Prokop,1985,0.0,0.0,0.0,0.0,0.0,0.0,0.0,7
Joe Theismann,1985,0.0,0.0,0.0,0.0,0.0,0.0,0.0,1
Joey Slye,2019,0.0,-4.379517096094638,2.525187763326615,2.107044534412956,-3.938136901698406,-2.0173988690735065,-5.702820569126979,2
John Adams,1961,0.0,0.0,0.0,0.0,0.0,0.0,0.0,2
John Anderson,1979,0.0,0.0,0.9957446808510639,0.0,0.0,-0.8250460405156537,0.17069864033541027,1
John Aveni,1960,-7.615384615384615,-2.153846153846155,-3.1996047430830044,-7.0487433358720475,1.0,-2.5302194522052694,-21.547798300391094,2
John Baker,2000,0.0,0.0,0.0,0.0,0.0,0.0,0.0,2
John Bruno,1987,0.0,0.0,0.0,0.0,0.0,0.0,0.0,1
John Carney,1988,0.31899641577060955,7.371899661129506,12.437963479494403,10.993409573976857,8.573397163060452,-0.27253807988366674,39.423128213548154,22
John Diettrich,1987,0.0,0.4265402843601893,0.8104838709677419,4.153846153846153,0.0,0.1628352490421463,5.553705558216231,1
John Elway,1987,0.0,0.0,0.0,0.0,0.0,0.0,0.0,5
John Goodson,1982,0.0,0.0,0.0,0.0,0.0,0.0,0.0,1
John Hadl,1963,0.0,0.0,0.0,0.0,0.0,0.0,0.0,5
John Hall,1997,0.29999999999999993,1.459514729528005,-7.390158773212612,-19.93643369638862,-4.749583843068545,-1.9776890166480978,-32.294350599789865,10
John James,1972,0.0,0.0,0.0,0.0,0.0,0.0,0.0,13
John Jett,1993,0.0,0.0,0.0,0.0,0.0,0.0,0.0,11
John Kasay,1991,0.09677419354838701,12.848781158006831,28.08984043315209,30.50187488917195,-4.240138568621251,-2.985788242221534,64.31134386303647,20
John Kidd,1984,0.0,0.0,0.0,0.0,0.0,0.0,0.0,15
John Lee,1986,0.0,-1.974093264248705,0.8204081632653066,-3.41860465116279,0.0,-2.4702549575070805,-7.042544709653269,1
John Leypoldt,1971,-2.8955644599303145,-9.766760907594774,5.868384030020511,19.631168918459903,-0.645499240452265,-4.590673229391337,7.601055111111725,8
John Love,1967,-2.154929577464789,-5.129032258064516,-0.23893805309734484,0.0,0.0,-0.6981132075471699,-8.22101309617382,1
John McCormick,1962,0.0,0.0,0.0,0.0,0.0,0.0,0.0,2
John Misko,1982,0.0,0.0,0.0,0.0,0.0,0.0,0.0,4
John Nies,1990,0.0,0.0,0.0,0.0,0.0,0.0,0.0,1
John Potter,2013,0.0,0.14937759336099599,0.0,0.5098039215686273,-2.013986013986014,0.0276243093922659,-1.327180189664125,1
John Roveto,1981,-2.5999999999999996,0.0563380281690149,-8.815625319562326,-6.321046560402685,0.0,0.496132273750451,-17.184201578045545,2
John Sawyer,1976,0.0,0.0,0.0,0.0,0.0,0.0,0.0,1
John Seedborg,1965,0.0,0.0,0.0,0.0,0.0,0.0,0.0,1
John Smith,1974,-4.756785714285714,15.321906883074693,11.251977414648628,-5.456169805469076,-1.4909237595804763,8.367918137306415,23.237923155694475,10
John Starnes,1987,0.0,0.0,0.0,0.0,0.0,0.0,0.0,1
John Teltschik,1986,0.0,0.0,0.0,0.0,0.0,0.0,0.0,4
John Warren,1983,0.0,0.0,0.0,0.0,0.0,0.0,0.0,2
John Wittenborn,1960,-2.463547610736529,4.467132867132867,-5.917294045603542,-4.407980312370556,-2.5324675324675323,0.7823244985673341,-10.07183213547796,4
Johnny Evans,1978,0.0,0.0,0.0,0.0,0.0,0.0,0.0,3
Johnny Green,1962,0.0,0.0,0.0,0.0,0.0,0.0,0.0,1
Johnny Hekker,2012,0.0,0.043269230769230616,0.0,0.0,0.0,0.05748987854251009,0.1007591093117407,9
Johnny Townsend,2018,0.0,0.0,0.0,0.0,0.0,0.0,0.0,1
Jon Hilbert,2001,0.0,0.4719101123595504,0.2180925932970661,-8.478164710447185,0.0,0.2657826662933416,-7.522379338497227,2
Jon Kilgore,1965,0.0,0.0,0.0,0.0,0.0,0.0,0.0,5
Jon Ryan,2006,0.0,0.0,0.0,0.0,0.0,0.0,0.0,12
Jonathan Brown,2020,0.0,0.0,-2.650485436893204,0.0,0.0,0.06578947368421051,-2.5846959632089934,1
Jordan Berry,2015,0.0,0.0,0.0,0.0,0.0,0.0,0.0,6
Jose Cortez,2001,-2.4000000000000004,-7.76231769540763,0.8380878781721641,-13.487863172305655,1.4383561643835616,0.6214950506803483,-20.75224177447721,3
Joseph Charlton,2020,0.0,0.0,0.0,0.0,0.0,0.0,0.0,1
Josh Bidwell,2000,0.0,0.0,0.0,0.0,0.0,0.0,0.0,10
Josh Brown,2003,0.0,4.700857993070482,9.022782155727677,-3.4029210430891452,18.909883485665805,4.018272868269061,33.248875459643884,14
Josh Lambo,2015,0.0,1.86865978127714,10.50820269575807,0.8467888075286446,8.516777764722478,-4.737604960017665,17.002824089268668,6
Josh Miller,1996,0.0,0.0,0.0,0.0,0.0,0.0,0.0,12
Josh Scobee,2004,0.0,1.1330705997201818,4.205061619836985,-17.20736599706179,3.2659948943469805,-2.6823040030661476,-11.285542886223787,12
Julian Fagan,1970,0.0,0.0,0.0,0.0,0.0,0.0,0.0,4
Junior Wren,1961,0.0,0.0,0.0,0.0,0.0,0.0,0.0,1
Justin Canale,1967,0.0,0.0,0.0,0.0,0.0,0.021874999999999978,0.021874999999999978,1
Justin Medlock,2007,0.0,0.3631339607149625,-1.7402320877249022,-3.622291021671827,-1.8278145695364238,0.11174089068826021,-6.715462827529931,2
Justin Tucker,2012,0.0,5.577257194532978,15.26580124697106,35.0345973157955,12.969716467373162,11.365489833015289,80.21286205768799,9
Justin Vogel,2017,0.0,0.0,0.0,0.0,0.0,0.0,0.0,1
Ka'imi Fairbairn,2017,0.0,-1.5667098506893562,3.707967876654232,0.24095699238317891,-1.1028369184787659,-2.818399221429523,-1.5390211215602343,4
Kaare Vedvik,2019,0.0,0.0,0.0,-2.1415384615384614,0.0,-0.9388429752066115,-3.080381436745073,1
Kai Forbath,2012,0.0,-2.9171252223519657,-0.44018781073707913,11.689679712674435,-1.6491004071108273,-6.017874618456749,0.6653916540178146,9
Karl Kremser,1969,0.9090909090909096,1.4375639310724688,0.30379746835442933,-4.573170731707317,0.0,-0.5329261405395374,-2.455644563729046,2
Kasey Redfern,2017,0.0,0.0,0.0,0.0,0.0,0.0,0.0,2
Keith English,1990,0.0,0.0,0.0,0.0,0.0,0.0,0.0,1
Keith Lincoln,1964,-4.5,-2.3513513513513513,1.293103448275862,-1.2739726027397258,0.0,-0.4916943521594703,-7.323914857974685,1
Kelly Goodburn,1987,0.0,0.0,0.0,0.0,0.0,0.0,0.0,7
Ken Clark,1979,0.0,0.0,0.0,0.0,0.0,0.0,0.0,1
Ken Duncan,1971,0.0,0.0,0.0,0.0,0.0,0.0,0.0,1
Ken Hall,1960,0.0,0.0,0.0,0.0,0.0,0.0,0.0,1
Ken Hartley,1981,0.0,0.0,0.0,0.0,0.0,0.0,0.0,1
Ken O'Brien,1990,0.0,0.0,0.0,0.0,0.0,0.0,0.0,1
Ken Vinyard,1970,-1.6764705882352935,-4.223463687150838,-1.4400000000000013,-8.045454545454547,-1.3972602739726026,-2.311475409836067,-19.09412450464935,1
Ken Walter,1997,0.0,0.0,0.0,0.0,0.0,0.0,0.0,9
Ken Willis,1990,0.19354838709677402,3.0292169759942458,-5.095330054611831,2.2653572773488975,-1.6906710310965627,2.004365582079007,0.706487136810531,3
Kent Sullivan,1991,0.0,0.0,0.0,0.0,0.0,0.0,0.0,3
Kerry Brady,1987,0.0,0.0,0.0,0.0,0.0,0.03256704980842917,0.03256704980842917,1
Kevin Brown,1987,0.0,0.0,0.0,0.0,0.0,0.0,0.0,1
Kevin Butler,1985,0.9083515051256986,2.077553696550413,-0.42535798390506674,-17.71835377840411,-4.385048719660828,-2.049135009832911,-21.59199029012681,13
Kevin Huber,2009,0.0,0.0,0.0,0.0,0.0,0.0,0.0,12
Kevin Stemke,2002,0.0,0.0,0.0,0.0,0.0,0.0,0.0,2
King Hill,1960,0.0,0.0,0.0,0.0,0.0,0.0,0.0,8
Klaus Wilmsmeyer,1992,0.0,0.0,0.0,0.0,0.0,0.0,0.0,6
Kordell Stewart,1998,0.0,0.0,0.0,0.0,0.0,0.0,0.0,2
Kris Brown,1999,-2.769230769230769,-2.0133773091616414,-9.022335049358775,-4.28994288030916,0.5495469043584611,-2.6499062730434133,-20.195245376745298,12
Kris Heppner,2000,0.0,0.7999999999999998,-5.75618374558304,1.7979797979797978,-3.3529411764705883,0.15992474129821233,-6.351220382775619,1
Kyle Boller,2003,0.0,0.0,0.0,0.0,0.0,0.0,0.0,1
Kyle Brindza,2015,0.0,-2.8474576271186436,-2.470588235294117,-3.815533980582524,-1.8000000000000003,-1.533278553820871,-12.466858396816157,1
Kyle Larson,2004,0.0,0.0,0.0,0.0,0.0,0.0,0.0,5
Kyle Richardson,1997,0.0,0.0,0.0,0.0,0.0,0.0,0.0,8
Lac Edwards,2016,0.0,0.0,0.0,0.0,0.0,0.0,0.0,4
Lamar McHan,1962,0.0,0.0,0.0,0.0,0.0,0.0,0.0,1
Larry Barnes,1960,-2.027027027027027,2.0666666666666673,-10.894736842105264,-0.14516129032258052,-1.5,0.48181818181817704,-12.018440310970027,1
Larry Schreiber,1971,0.0,0.0,0.0,0.0,0.0,0.01995012468827928,0.01995012468827928,1
Larry Seiple,1967,0.0,0.0,0.0,0.0,0.0,0.0,0.0,11
Larry Swider,1979,0.0,0.0,0.0,0.0,0.0,0.0,0.0,4
Lawrence Tynes,2004,0.0,0.8429958014191055,-12.439524732743651,-4.638177096417635,-2.141546882682437,-2.475062396195572,-20.85131530662019,9
Lee Folkins,1964,0.0,0.0,0.0,0.0,0.0,0.0,0.0,1
Lee Johnson,1985,0.0,0.0,0.0,0.0,-2.998199672667758,-0.9771210676835081,-3.975320740351266,18
Lem Barney,1967,0.0,0.0,0.0,0.0,0.0,0.0,0.0,2
Leo Araguz,1996,0.0,0.0,0.0,0.0,0.0,0.0,0.0,7
Leroy Clark,1976,0.0,0.0,0.0,0.0,0.0,0.0,0.0,1
Leroy Kelly,1967,0.0,0.0,0.0,0.0,0.0,0.0,0.0,1
Les Murdock,1967,-3.464788732394367,0.9677419354838711,1.1415929203539827,-1.7538461538461538,0.0,-1.588336192109777,-4.697636222512444,1
Les Richter,1960,0.0,0.0,0.0,0.0,0.0,0.06419753086419755,0.06419753086419755,1
Lewis Colbert,1986,0.0,0.0,0.0,0.0,0.0,0.0,0.0,3
Lin Elliott,1992,0.0,-4.829616833124744,-8.652193782391837,-0.45540906515437296,3.0,-3.074020749776656,-14.011240430447607,4
Logan Cooke,2018,0.0,0.0,0.0,0.0,0.0,0.0,0.0,3
Lou Groza,1961,8.365223250233074,0.8537485238643079,29.651522065993838,1.3931338161958782,-3.344611528822055,3.7550566984230827,40.674072825888125,7
Lou Kirouac,1966,-5.081632653061224,-5.617021276595745,0.0,4.950000000000001,0.0,-4.241635687732341,-9.990289617389308,1
Lou Michaels,1960,10.346247917152379,4.45711015463226,0.9347202552426706,10.203844090287873,6.3355978619136515,-0.9689080371019445,31.30861224212689,11
Louie Aguiar,1991,0.0,-2.565610859728507,0.0,0.0,0.0,0.0,-2.565610859728507,10
Louis Berry,1987,0.0,0.0,0.0,0.0,0.0,0.0,0.0,1
Luis Zendejas,1987,0.2727272727272725,2.4166666666666687,-1.2574603799033381,-2.0729724820633937,-0.8420443587270978,1.493115455916083,0.010032174616194212,3
Luke Prestridge,1979,0.0,0.0,0.0,0.0,0.0,0.0,0.0,6
Lynn Dickey,1973,0.0,0.0,0.0,0.0,0.0,0.023316062176165775,0.023316062176165775,1
Mac Percival,1967,-7.418119887185381,-10.910374201550711,-5.685327310597016,-5.559259062305879,0.7257128665267265,0.6217748670353069,-28.225592728076954,8
Mack Yoho,1960,0.6206896551724137,-1.5025641025641019,-8.247867666063582,-0.6333704115684093,-0.6428571428571428,-2.544670072102754,-12.950639739983576,4
Mark Moseley,1970,-0.0614323286082602,4.062084033548058,26.298436495322527,14.990721100147866,3.0902541591776735,-2.2419696611346405,46.13809379845323,16
Mark Royals,1987,0.0,0.0,0.0,0.0,0.0,0.0,0.0,15
Mark Simoneau,2005,0.0,0.0,0.0,0.0,0.0,-0.9730700179533214,-0.9730700179533214,1
Marquette King,2013,0.0,0.0,0.0,0.0,0.0,0.0,0.0,6
Marshall Koehn,2017,0.0,0.0,0.0,0.0,0.0,0.059964726631393295,0.059964726631393295,1
Martin Gramatica,1999,0.0,-1.0642342658346011,0.004411671502016379,-16.047173546734903,8.149240103781757,0.7759808042790057,-8.181775233006723,9
Marv Bateman,1972,0.0,0.0,0.0,0.0,0.0,0.023316062176165775,0.023316062176165775,6
Mason Crosby,2007,0.0,2.6009611512007935,-6.133379494849449,-2.762275618080122,-12.970664726238311,2.9259546557104628,-16.339404032256624,14
Massimo Manca,1987,0.0,0.21327014218009466,0.0,-1.6153846153846154,0.0,0.09770114942528751,-1.3044133237792332,1
Mat McBriar,2004,0.0,0.0,0.0,0.0,0.0,0.0,0.0,11
Matt Allen,2002,0.0,0.0,0.0,0.0,0.0,0.0,0.0,1
Matt Bahr,1979,0.08026799033664034,2.7708018957595426,-19.89751035020706,-1.6791252192085313,-10.33249707871817,7.9920185853327546,-21.066044176704825,17
Matt Bryant,2002,0.46153846153846123,-1.9863890508952018,5.815687065463921,21.123955407852378,7.370329869625847,5.63628077355704,38.42140252714244,18
Matt Cassel,2008,0.0,0.0,0.0,0.0,0.0,0.0,0.0,1
Matt Darr,2015,0.0,0.0,0.0,0.0,0.0,0.0,0.0,3
Matt Dodge,2010,0.0,0.0,0.0,0.0,0.0,0.0,0.0,1
Matt Gay,2019,0.0,0.2975206611570238,-6.4783293643524456,2.350445344129556,1.09655172413793,-1.2091996520226154,-3.943011286950551,2
Matt George,1998,0.0,0.0,-2.5511811023622046,0.0,0.0,0.03431839847473794,-2.5168627038874667,1
Matt Haack,2017,0.0,0.0,0.0,0.0,0.0,0.0,0.0,4
Matt Kinzer,1987,0.0,0.0,0.0,0.0,0.0,0.0,0.0,1
Matt Prater,2007,0.0,-1.423991800561573,6.116033635517708,-24.130035325896866,25.81830685042618,4.689269361952933,11.069582721438376,14
Matt Stover,1991,-2.6485568760611207,18.763661715487448,32.14692302083935,17.326078472215517,-9.874679583997704,5.608170227163296,61.32159697564678,19
Matt Turk,1995,0.0,0.0,0.0,0.0,0.0,0.0,0.0,16
Matt Wile,2016,0.0,0.0,0.0,0.0,0.0,0.0,0.0,3
Matthew Bosher,2011,0.0,0.0,0.0,0.0,0.0,0.0,0.0,9
Matthew McCrane,2018,0.0,0.1298076923076925,0.3529411764705883,-2.4406779661016937,-3.828947368421053,0.51740890688259,-5.2694675588618765,1
Matthew Wright,2020,0.0,0.0,0.17475728155339798,0.0,0.0,0.13157894736842102,0.306336228921819,1
Maury Buford,1982,0.0,0.0,0.0,0.0,0.0,0.0,0.0,9
Max McGee,1960,0.0,0.0,0.0,0.0,0.0,0.0,0.0,3
Max Runager,1979,0.0,0.0,0.0,0.0,0.0,0.0,0.0,11
Max Zendejas,1986,0.0,0.30798831945911154,1.9982253247483088,3.319475450553676,-2.7055028462998107,-6.8935184609600935,-3.973332212498807,3
Merritt Kersey,1974,0.0,0.0,0.0,0.0,0.0,0.0,0.0,2
Micah Knorr,2000,0.0,0.11743772241992878,0.0,0.0,0.0,0.03191489361702127,0.14935261603695005,5
Michael Badgley,2018,0.0,1.2445402191391466,1.927379502817796,-1.743026144239348,-6.417624671560528,0.6795948071067706,-4.309136286736164,3
Michael Dickson,2018,0.0,0.0,0.0,0.0,0.0,0.0,0.0,3
Michael Husted,1993,-2.5693779904306218,1.92047494829387,-26.747555315616268,-5.084282489301524,-2.9804548899376497,-2.8172251838305624,-38.278420920822754,9
Michael Koenen,2005,0.0,0.13382899628252798,-7.279569892473118,-2.2040816326530615,-4.185728900255754,0.03876651982378876,-13.496784909275616,10
Michael Palardy,2016,0.0,0.0,0.0,0.0,0.0,0.0,0.0,4
Mick Luckhurst,1981,-2.269230769230769,0.3743604738213129,-2.3249637486969448,10.499239099184113,6.405661637133007,5.699509442687852,18.384576134898573,7
Mickey Zofko,1972,0.0,0.0,0.0,0.0,0.0,0.02524038461538458,0.02524038461538458,1
Mike Barr,2007,0.0,0.0,0.0,0.0,0.0,0.0,0.0,1
Mike Black,1983,0.0,0.0,0.0,0.0,0.0,0.0,0.0,5
Mike Bragg,1968,0.0,0.5675675675675674,0.0,0.0,0.0,-0.36683417085427106,0.20073339671329637,13
Mike Burke,1974,0.0,0.0,0.0,0.0,0.0,-1.7625628140703515,-1.7625628140703515,1
Mike Clark,1963,-0.3114359793213013,3.859873455580725,-13.87335459821464,15.651782765935765,-0.17221331927214245,-2.562764679458958,2.591887645249452,10
Mike Clendenen,1987,0.0,0.21327014218009466,1.6209677419354838,-1.6153846153846154,0.0,0.22796934865900376,0.44682261738996676,1
Mike Cofer,1987,0.13636363636363624,-0.09090340070336467,-26.037439095442622,-4.946250706497334,-7.107085459012559,-1.0361639328418377,-39.08147895813408,8
Mike Connell,1978,0.0,0.0,0.0,0.0,0.0,0.0,0.0,3
Mike Eischeid,1966,0.9600000000000002,-1.333333333333334,-2.322580645161291,-4.482758620689656,-0.47368421052631576,1.1280487804878092,-6.524308029222787,9
Mike Fuller,1976,0.0,0.0,0.0,0.0,0.0,0.09131403118040093,0.09131403118040093,1
Mike Garrett,1981,0.0,0.0,0.0,0.0,0.0,0.0,0.0,1
Mike Hollis,1995,0.2727272727272728,-16.915239988323563,5.706584548808717,7.516472393202175,9.21680388299355,1.1160904780016274,6.913438587409781,8
Mike Horan,1984,0.0,0.0,0.0,0.0,0.0,0.0,0.0,16
Mike Hubach,1980,0.0,0.0,0.0,0.0,0.0,0.0,0.0,2
Mike Lansford,1982,-2.188422688422688,-1.9606768156288923,-1.4994172657737357,11.946248767004647,-6.271877480177863,0.6340384875115515,0.6598930045130214,9
Mike Mercer,1961,6.070389650917035,-3.5009987907942213,-9.651526007987613,-1.052113952515466,4.62406015037594,1.5496577260592774,-1.9605312239450488,9
Mike Michel,1977,0.0,0.0,0.0,0.0,0.0,-3.0883976085671114,-3.0883976085671114,2
Mike Montgomery,1973,0.0,0.0,0.0,0.0,0.0,0.0,0.0,1
Mike Nott,1976,0.0,0.0,0.0,0.0,0.0,0.0,0.0,1
Mike Nugent,2005,0.0,3.151270673372551,-16.046707667574523,-4.821835466283067,-12.765202444561226,-5.873995961317839,-36.356470866364106,15
Mike Patrick,1975,0.0,0.0,0.0,0.0,0.0,0.0,0.0,4
Mike Prindle,1987,0.0,0.6398104265402846,2.431451612903226,-1.6153846153846154,0.0,0.19540229885057503,1.6512797229094702,1
Mike Saxon,1985,0.0,0.0,0.0,0.0,0.0,0.0,0.0,11
Mike Scifres,2004,0.0,0.0,0.0,0.78,0.0,0.0173985086992543,0.7973985086992543,12
Mike Vanderjagt,1998,0.5034965034965034,2.48276924010845,17.287168737441434,26.433797169792783,10.324741562836627,2.844647142091926,59.87662035576771,9
Mike Walker,1972,0.0,0.0,-2.3243243243243246,-3.4453125,-0.75,0.3786057692307683,-6.141031055093556,1
Mike Wood,1978,0.5000000000000002,-1.9651408450704229,-1.1834443325145276,-2.538831795302014,-2.6902985074626864,-2.7608279466806023,-10.638543427030253,4
Milt Plum,1962,0.0,-1.1996047430830044,-4.68,3.57,-0.8888888888888888,0.6158681759325013,-2.582625456039392,3
Mirro Roder,1973,0.10975609756097571,1.2045045045045033,-7.330755739612913,4.390263218042058,-1.4516129032258065,0.6252701330486623,-2.4525746896825193,3
Mitch Berger,1994,0.0,0.0,0.0,0.0,0.0,0.0,0.0,14
Mitch Hoopes,1975,0.0,0.0,0.0,0.0,0.0,0.0,0.0,3
Mitch Wishnowsky,2019,0.0,0.0,0.0,0.0,0.0,0.0,0.0,2
Momcilo Gavric,1969,0.0,-0.9375,-0.15517241379310343,-4.160583941605839,-0.16216216216216217,-1.6142857142857139,-7.029704231846819,1
Morten Andersen,1982,-1.9413755580803636,22.294733745019087,48.14883489951286,30.776032894012474,8.711299518682237,8.038405850317872,116.02793134946418,25
Nate Freese,2014,0.0,0.14516129032258052,0.3089700996677741,-9.328467153284672,0.0,0.039024390243902474,-8.835311373050414,1
Nate Kaeding,2004,0.0,1.733595376136305,10.890292935751855,1.0262900830296982,2.1764669706979465,1.6550779321479787,17.481723297763786,8
Ndamukong Suh,2010,0.0,0.0,0.0,0.0,0.0,-0.9909390444810544,-0.9909390444810544,1
Neil Clabo,1975,0.0,0.0,0.0,0.0,0.0,0.0,0.0,3
Neil O'Donoghue,1977,-1.2634248665141112,-4.690474715418274,-16.62223046084449,-11.289374965306713,-6.190467092449332,-3.8241485824036436,-43.880120682936564,9
Neil Rackers,2000,0.46153846153846123,5.392209871612469,-8.520546456845539,2.8768040279016684,0.907685356068316,-1.9720768806798556,-0.8543856204044813,12
Nick Folk,2007,0.0,-11.412393795543604,3.422121500695747,-19.179656468168066,0.283482192232561,2.2322563840441525,-24.65419018673921,13
Nick Gallery,1998,0.0,0.0,0.0,0.0,0.0,0.0,0.0,1
Nick Harris,2001,0.0,0.0,0.0,0.0,0.0,0.0,0.0,12
Nick Lowery,1978,1.076974622696923,18.998578223090533,41.02588685109286,52.97283476273458,11.741548941963798,11.835189240678131,137.65101264225683,18
Nick Mike-Mayer,1973,0.7987804878048796,-6.643652715635144,-17.170539178996318,-10.754768567077079,-1.2454067531069852,6.663364435199366,-28.35222229181128,10
Nick Murphy,2004,0.0,0.0,0.0,0.0,0.0,0.0,0.0,2
Nick Novak,2005,0.0,5.175714353241232,-13.150515314111782,-3.5700771286528328,-7.186582953470369,-1.3577142406622889,-20.08917528365604,10
Nick Rose,2017,0.0,0.370370370370372,-1.2857142857142851,-1.7624999999999997,-1.1688311688311686,-1.4409171075837754,-5.287592191758857,1
Nolan Cromwell,1980,0.0,0.0,0.0,0.0,0.0,0.051001821493624755,0.051001821493624755,1
Norm Johnson,1982,0.6469153780366598,5.214673679630801,2.659185708124223,27.780175518400497,2.142723245445985,10.791926865467989,49.23560039510616,18
Norm Van Brocklin,1960,0.0,0.0,0.0,0.0,0.0,0.0,0.0,1
Norris Weese,1976,0.0,0.0,0.0,0.0,0.0,0.0,0.0,2
Novo Bojovic,1985,0.0,0.0,-1.7737226277372264,0.6695278969957084,-2.25,-0.5687331536388136,-3.9229278843803317,1
Obed Ariri,1984,0.0,1.7445201421800929,3.0148316970546984,-3.3030583873957378,-2.4943820224719104,-0.6834403774604558,-1.721528948093313,2
Ode Burrell,1969,0.0,0.0,0.0,0.0,0.0,0.0,0.0,1
Ola Kimrin,2004,0.0,0.3214285714285716,-1.325581395348837,-3.478599221789883,-1.7472527472527473,0.05046257359125317,-6.179542219371642,1
Olindo Mare,1997,0.29999999999999993,-10.119507909062404,3.2765047558335367,16.121048102264496,-10.250089825992,-0.06600833694911667,-0.7380532139054896,16
Ollie Cordill,1967,0.0,0.0,0.0,0.0,0.0,0.0,0.0,2
Ove Johansson,1977,-2.4375,0.0,-2.61340206185567,0.0,0.0,-1.758064516129032,-6.808966577984702,1
Owen Pochman,2001,0.0,0.11743772241992878,-10.84115523465704,1.595959595959596,-4.574900574458683,-0.8404255319148941,-14.54308402265109,2
Pat Curran,1975,0.0,0.0,0.0,0.0,0.0,0.08552631578947367,0.08552631578947367,1
Pat Leahy,1974,0.653931610186685,5.512125525311717,10.275231047302562,3.724872600705492,-9.224900642912289,1.7824711815049596,12.723731322099123,18
Pat McAfee,2009,0.0,0.0,0.0,0.0,0.0,0.0,0.0,8
Pat McInally,1976,0.0,0.0,0.0,0.0,0.0,0.0,0.0,10
Pat O'Donnell,2014,0.0,0.0,0.0,0.0,0.0,0.0,0.0,7
Pat O'Neill,1994,0.0,0.0,0.0,-1.9912663755458515,0.0,0.0,-1.9912663755458515,2
Pat Ragusa,1987,0.0,0.21327014218009466,-1.3790322580645162,-1.6153846153846154,0.0,0.22796934865900376,-2.5531773826100332,1
Pat Richter,1963,0.0,0.0,0.0,0.0,0.0,0.0,0.0,5
Pat Ryan,1983,0.0,0.0,0.0,0.0,0.0,0.0713564894180474,0.0713564894180474,2
Pat Studstill,1961,0.0,0.0,0.0,0.0,0.0,0.0,0.0,9
Pat Summerall,1960,5.923076923076925,-7.153846153846155,-6.315217391304349,3.4546839299314547,-1.7380952380952381,2.3617833178116854,-3.4676146124256775,2
Patrick Murray,2014,0.0,-2.4736160892074883,3.147042752229412,1.7689324817518246,-2.1090909090909076,-0.22475669240985718,0.10851154327298396,3
Paul Edinger,2000,0.0,-0.40153052740335493,-23.453614150111257,9.333476314869422,9.854727106076002,2.2830418329789026,-2.383899423590284,6
Paul Ernster,2006,0.0,0.0,0.0,0.0,0.0,0.0,0.0,3
Paul Hornung,1960,3.8821811100292116,-7.712062937062938,-18.773896768193445,0.6463475138722687,1.940476190476191,2.908662863916339,-17.108292026962367,4
Paul Maguire,1960,0.0,0.0,0.0,0.0,0.0,0.0,0.0,11
Paul McFadden,1984,0.0,2.223631471092752,6.900060399842756,9.284734705685064,5.174172620997013,1.2839338972416634,24.866533094859243,6
Paul McJulien,1991,0.0,0.0,0.0,0.0,0.0,0.0,0.0,3
Paul Staroba,1973,0.0,0.0,0.0,0.0,0.0,0.0,0.0,1
Pete Gogolak,1964,12.483877518141329,19.526022739135673,-20.79193327276998,3.2479748231975023,-5.038617378854181,-0.03836480094332373,9.388959627907019,11
Pete Stoyanovich,1989,1.1191198916156475,-0.040885622579580616,0.928804515009956,19.2136312019121,8.082810637256557,2.5913560597969116,31.894836683011594,12
Phil Dawson,1999,0.0,-6.4388562277407555,-2.3299172665115617,-2.5823928529333378,16.120928799968755,-2.849053074155613,1.920709378627489,20
Rafael Septien,1977,-1.0851190476190467,15.113601686251217,25.75866662855183,-19.443947700269867,4.401198461548084,9.794918540406307,34.53931856886852,10
Ralf Mojsiejenko,1985,0.0,0.0,0.0,0.0,0.0,0.0,0.0,7
Ralph Baker,1971,0.0,0.0,0.0,0.0,0.0,0.01995012468827928,0.01995012468827928,1
Ralph Felton,1962,0.0,0.0,0.0,0.0,0.0,-0.933993399339934,-0.933993399339934,1
Ralph Giacomarro,1983,0.0,0.0,0.0,0.0,0.0,0.0,0.0,4
Randall Cunningham,1986,0.0,0.0,0.0,0.0,0.0,0.0,0.0,5
Randy Bullock,2013,0.0,0.17105060657991444,-2.142760551738614,4.204613341243584,-11.897097603347435,-0.033161576704316076,-9.697355783966866,8
Randy Minniear,1969,0.0,0.0,0.0,0.0,0.0,0.0,0.0,1
Randy Walker,1974,0.0,0.0,0.0,0.0,0.0,0.0,0.0,1
Raul Allegre,1983,0.0,-0.4204579566448373,16.814670703715613,-0.02911571147005043,4.537140198974098,-0.7917073821105349,20.110529852464293,9
Ray Brown,1960,0.0,0.0,0.0,0.0,0.0,0.0,0.0,1
Ray Criswell,1987,0.0,0.0,0.0,0.0,0.0,0.03923444976076551,0.03923444976076551,2
Ray Guy,1973,0.0,0.0,0.0,0.0,0.0,-0.9086859688195991,-0.9086859688195991,14
Ray Stachowicz,1981,0.0,0.0,0.0,0.0,0.0,0.0,0.0,3
Ray Wersching,1973,3.089400330093527,4.907850406598188,6.591135305365435,6.070804741666554,-7.165137211897953,2.505945984542036,15.999999556367781,15
Reggie Carolan,1967,0.0,0.0,0.0,0.0,0.0,0.0,0.0,2
Reggie Hodges,2005,0.0,0.0,0.0,0.0,0.0,0.0,0.0,5
Reggie Roby,1983,0.0,0.0,0.0,0.0,0.0,0.0,0.0,16
Reggie Wilkes,1981,0.0,0.0,0.0,0.0,0.0,0.04844606946983543,0.04844606946983543,1
Remy Hamilton,2005,0.0,0.0,0.0,0.0,0.0,-0.9865350089766607,-0.9865350089766607,1
Rex Keeling,1968,0.0,0.0,0.0,0.0,0.0,0.0,0.0,1
Rex Robinson,1982,0.0,0.475,-2.1259842519685037,0.0,0.0,0.2636054421768712,-1.3873788097916324,1
Rian Lindell,2000,0.23076923076923062,-3.5936549051688154,11.386854054651284,-16.157302492133248,2.1792410093234866,3.4015381566210685,-2.552554945936984,14
Rich Camarillo,1981,0.0,0.0,0.0,0.0,0.0,-0.9831932773109243,-0.9831932773109243,15
Rich Karlis,1982,0.76969696969697,-3.2021693703031784,-15.66720959767018,21.30947486568814,-4.141145859561581,-0.936889515310007,-1.8682425074598354,9
Rich Szaro,1975,-1.9655263157894733,7.340314938633796,6.262482906525857,-8.524291004586969,1.7334451968598308,1.4002261547439525,6.246651876386993,5
Rich Wingo,1981,0.0,0.0,0.0,0.0,0.0,0.04844606946983543,0.04844606946983543,1
Richie Cunningham,1997,0.2727272727272728,-5.63145606185234,1.9700224205119552,1.0603960366612792,-1.8872679045092837,0.641879144979846,-3.5736990914812714,5
Richmond McGee,2011,0.0,0.0,0.0,0.0,0.0,0.0,0.0,1
Rick Bryan,1985,0.0,0.0,0.0,0.0,0.0,0.035938903863432126,0.035938903863432126,1
Rick Casares,1960,0.0,0.0,0.0,0.0,0.0,0.0,0.0,1
Rick Danmeier,1978,0.6071428571428573,-3.9160566886230255,9.099019156568557,-6.427544542984981,-0.75,-1.782936680564461,-3.170375898461052,5
Rick Donnelly,1985,0.0,0.0,0.0,0.0,0.0,0.031161473087818692,0.031161473087818692,6
Rick Duncan,1967,0.0,0.0,2.3529411764705888,-3.6219512195121957,0.0,0.06562499999999982,-1.203385043041607,3
Rick Engles,1976,0.0,0.0,0.0,0.0,0.0,0.0,0.0,3
Rick Neuheisel,1987,0.0,0.0,0.0,0.0,0.0,0.03256704980842917,0.03256704980842917,1
Rick Partridge,1979,0.0,0.0,0.0,0.0,0.0,0.0,0.0,3
Rick Redman,1965,0.0,0.0,0.0,0.0,0.0,0.0,0.0,3
Rick Sapienza,1960,0.0,0.0,0.0,0.0,0.0,0.0,0.0,1
Rick Tuten,1989,0.0,0.0,0.0,0.0,0.0,0.0,0.0,11
Ricky Schmitt,2009,0.0,-2.900735294117647,0.9791666666666665,0.0,0.0,0.03375527426160341,-1.8878133531893773,1
Rigoberto Sanchez,2017,0.0,0.0,0.0,0.0,0.0,0.0,0.0,4
Riley Dixon,2016,0.0,0.0,0.0,0.0,0.0,0.0,0.0,5
Rob Bironas,2005,0.0,-0.42051468641426837,10.68395055974607,5.103742006860022,14.725591087238769,0.7283770362197153,30.8211460036503,9
Robbie Gould,2005,0.0,8.203865789911225,6.741438978718806,13.16352879990706,9.151778571674543,1.1184324754746626,38.3790446156863,16
Robert Malone,2010,0.0,0.0,0.0,0.0,0.0,0.0,0.0,4
Roberto Aguayo,2016,0.0,0.4800000000000004,-2.2993421052631593,-11.817567567567568,-1.7,0.16234309623430931,-15.174566576596417,1
Rod Sherman,1968,0.0,0.0,-1.7746478873239435,0.0,0.0,0.04584527220630363,-1.7288026151176399,1
Rodney Williams,2001,0.0,0.0,0.0,0.0,0.0,0.0,0.0,1
Rodrigo Blankenship,2020,0.0,0.6862745098039218,-1.0776699029126249,2.829959514170037,-1.9701492537313432,0.10526315789473628,0.5736780252247269,1
Roger LeClerc,1961,-5.185212949347218,1.8256521415679612,-7.491315061376323,-19.96127169859843,1.4664502164502164,-0.8199823106649717,-30.165679661968767,7
Roger Ruzek,1987,0.41577060931899656,-3.636568249083134,-10.08445707953339,4.426571094579603,0.7690134420863397,-7.303363435172253,-15.413033617803835,7
Roger Wehrli,1975,0.0,0.0,0.0,0.0,0.0,0.08552631578947367,0.08552631578947367,1
Rohn Stark,1982,0.0,0.0,0.0,0.0,0.0,0.0,0.0,16
Rolf Benirschke,1977,1.4593406593406595,-0.4283080099605492,-5.838653369051075,25.40543861506872,2.2877214029560786,-6.305479479112472,16.580059819241363,10
Ron Holliday,1973,0.0,0.0,0.0,0.0,0.0,0.023316062176165775,0.023316062176165775,1
Ron Lamb,1969,0.0,0.0,0.0,0.0,0.0,0.0,0.0,1
Ron Snidow,1965,0.0,0.0,0.0,0.0,0.0,0.0,0.0,1
Ron Springs,1986,0.0,0.0,0.0,0.0,0.0,0.0,0.0,1
Ron Widby,1968,0.0,0.0,0.0,0.0,0.0,0.0,0.0,6
Ronnie Lee South,1968,0.0,0.0,0.0,0.0,0.0,0.0,0.0,1
Ross Browner,1983,0.0,0.0,0.0,0.0,0.0,0.04332755632582319,0.04332755632582319,1
Roy Gerela,1969,2.5531163614004364,2.4474155984096306,-19.487941679567903,-11.236600733483606,-6.150256011195754,6.706980043031528,-25.167286421405667,11
Ruben Rodriguez,1987,0.0,0.0,0.0,0.0,0.0,0.0,0.0,4
Russell Erxleben,1979,0.0,-2.1935082872928175,-3.090143291359096,0.0,0.0,0.5046326503913163,-4.779018928260596,6
Russell Griffith,1987,0.0,0.0,0.0,0.0,0.0,0.0,0.0,1
Rusty Jackson,1976,0.0,0.0,0.0,0.0,0.0,0.0,0.0,3
Ryan Allen,2013,0.0,0.0,0.0,0.0,0.0,0.0,0.0,8
Ryan Donahue,2011,0.0,0.0,0.0,0.0,0.0,0.0,0.0,1
Ryan Flinn,2005,0.0,0.0,0.0,0.0,0.0,0.0,0.0,1
Ryan Longwell,1997,0.5034965034965034,-0.45986612513348124,13.180159930980295,15.616227789951806,7.920754274131579,-1.4366852039792484,35.32408716944745,15
Ryan Plackemeier,2006,0.0,0.0,0.0,0.0,0.0,0.0,0.0,3
Ryan Quigley,2013,0.0,0.0,0.0,0.0,0.0,0.23336072308956446,0.23336072308956446,5
Ryan Succop,2009,0.0,0.38779660994945697,7.336103893606428,-5.0418913900710045,-9.154648091993607,1.6554364894701301,-4.817202489038597,12
Ryan Winslow,2019,0.0,0.0,0.0,0.0,0.0,0.0,0.0,1
Sam Baker,1960,7.6804793199662615,-8.839079224859177,25.149498027886533,10.674441479789593,2.2210162999636687,0.8061550236930621,37.692510926439944,10
Sam Etcheverry,1962,0.0,0.0,0.0,0.0,0.0,0.0,0.0,1
Sam Ficken,2017,0.0,-2.3223357195059515,-2.612909989055157,-4.26206271872641,-2.3678847143592394,-2.8773001999477277,-14.442493341594485,4
Sam Horner,1960,0.0,0.0,0.0,0.0,0.0,0.0,0.0,2
Sam Koch,2006,0.0,0.0,0.0,0.0,0.0,0.0,0.0,15
Sam Martin,2013,0.0,0.0,0.0,0.0,0.0,0.0,0.0,8
Sam Paulescu,2007,0.0,0.0,0.0,0.0,0.0,0.0,0.0,4
Sam Sloman,2020,0.0,-2.588235294117647,0.8737864077669899,-1.8340080971659922,-1.9701492537313432,-1.6184210526315788,-7.137027289879571,1
Sandro Vitiello,1980,0.0,0.0,-4.040816326530612,0.0,0.0,0.051001821493624755,-3.9898145050369873,1
Saverio Rocca,2007,0.0,0.0,0.0,0.0,0.0,0.0,0.0,7
Scott Bentley,1997,0.0,0.16342412451361876,0.4821428571428571,-1.8708487084870848,1.3235294117647058,0.05561072492552155,0.15385840985961852,2
Scott Blanton,1996,0.0,2.735547031862308,0.9988282714660675,-11.620077283870861,-1.962864721485412,1.106413730763939,-8.742152971263959,3
Scott Fulhage,1987,0.0,0.0,0.0,0.0,0.0,0.0,0.0,6
Scott Hagler,1987,0.0,0.4265402843601893,0.0,0.0,0.0,0.13026819923371669,0.556808483593906,1
Scott Norwood,1985,0.46390706068125387,-4.659326785154043,-0.8692961855846946,6.4674103886524525,-5.884282772820866,0.9928080796834919,-3.488780214542402,7
Scott Player,1998,0.0,0.0,0.0,0.0,0.0,0.0,0.0,10
Scott Sisson,1993,0.0,-11.0237392587449,-3.5757287705956897,-9.504638967325533,-3.05,0.8400185464967169,-26.314088450169404,2
Scott Tyner,1994,0.0,0.0,0.0,0.0,0.0,0.0,0.0,1
Sean Landeta,1985,0.0,0.0,0.0,0.0,0.0,0.0,0.0,21
Sebastian Janikowski,2000,0.0,4.767375751390071,8.923420999248991,14.330728739065869,-6.363425579482348,3.670905933942775,25.329005844165355,18
Sergio Castillo,2020,0.0,-2.7254901960784315,0.5242718446601939,-1.8340080971659922,2.0597014925373136,-0.5394736842105265,-2.514998640257443,1
Seth Marler,2003,0.0,-1.7081850533807827,-7.841155234657039,-9.969696969696965,0.09677419354838701,0.47872340425531945,-18.94353965993108,1
Shane Andrus,2009,0.0,0.13584905660377355,-2.314285714285714,-4.382581583870297,0.0,0.19595923786485336,-6.365059003687383,2
Shane Lechler,2000,0.0,0.0,-2.4593639575971733,0.0,0.0,0.06585136406397041,-2.393512593533203,18
Shaun Suisham,2005,0.0,-1.6562550089260082,-8.309753356675424,17.51043254687976,-11.679545547946404,0.10834693424525632,-4.026774432422821,10
Shawn McCarthy,1991,0.0,0.0,0.0,0.0,0.0,0.0,0.0,2
Shawn Powell,2012,0.0,0.0,0.0,0.0,0.0,0.0,0.0,2
Shayne Edge,1996,0.0,0.0,0.0,0.0,0.0,0.0,0.0,1
Shayne Graham,2001,0.23076923076923062,-0.7530706142662631,17.715730491976462,13.057641828985098,-2.9292179975568633,-1.1612624998157939,26.160590440091877,15
Skip Butler,1971,-1.6242613240418122,-4.205450294242674,-0.8054468063279643,-4.6861960346076055,-2.188935079847747,2.6497773073712754,-10.86051223169653,7
Spencer Lanning,2013,0.0,0.0,0.0,0.0,0.0,0.003946329913180779,0.003946329913180779,3
Spider Lockhart,1965,0.0,0.0,0.0,0.0,0.0,0.0,0.0,3
Spike Jones,1970,0.0,0.0,0.0,0.0,0.0,0.0,0.0,8
Stacy Gore,1987,0.0,0.0,0.0,0.0,0.0,0.0,0.0,1
Stan Talley,1987,0.0,0.0,0.0,0.0,0.0,0.0,0.0,1
Stephen Cheek,2004,0.0,0.0,0.0,0.0,0.0,0.0,0.0,1
Stephen Gostkowski,2006,0.0,-3.4078388814557607,7.023947285080094,-8.015784477631705,13.594465162732126,5.776381278564804,14.97117036728956,15
Stephen Hauschka,2008,0.0,-8.975413347894548,17.281850306668254,5.078885588226239,-2.450580888384823,-4.450902911391253,6.483838747223867,13
Sterling Hofrichter,2020,0.0,0.0,0.0,0.0,0.0,0.0,0.0,1
Steve Broussard,1975,0.0,0.0,0.0,0.0,0.0,0.0,0.0,1
Steve Christie,1990,0.36950146627565983,-2.0198718459405614,-13.636973274744264,5.336532199159198,2.8403074220812874,2.703919416902983,-4.406584616265697,15
Steve Cox,1981,0.0,0.0,0.0,1.0031401874899233,-1.0717678449896724,0.09770114942528751,0.029073491925538653,8
Steve Crosby,1974,0.0,0.0,0.0,0.0,0.0,0.0,0.0,2
Steve DeLine,1988,0.0,0.9583333333333339,-1.0551684088269453,-3.134320225229316,0.0,0.5394501940786616,-2.6917051066442657,2
Steve Jordan,1987,0.0,0.21327014218009466,1.6209677419354838,-3.230769230769231,0.0,0.22796934865900376,-1.1685619979946487,1
Steve Kreider,1982,0.0,0.0,0.0,0.0,0.0,0.08865999229880628,0.08865999229880628,2
Steve Largent,1985,0.0,0.0,0.0,0.0,0.0,0.05881783617992398,0.05881783617992398,2
Steve Lindsey,2000,0.0,0.0,-4.37809187279152,1.7979797979797978,0.0,0.04703668861712096,-2.533075386194602,1
Steve Little,1978,0.0,-0.4620165745856353,-5.094398610508033,-7.406666666666666,2.0,-6.231702039871589,-17.194783891631925,3
Steve McLaughlin,1995,0.15789473684210542,-1.754716981132077,-8.830188679245284,-2.8275862068965516,-1.5164835164835164,0.30791229742612103,-14.463168349489203,1
Steve Mike-Mayer,1975,0.8292857142857144,-17.42269517413169,-15.012287671418228,-5.978008484027983,-3.5361210205901745,-0.7863628415739043,-41.906189477456266,6
Steve Myhra,1960,-10.461538461538462,2.8769230769230774,8.186758893280633,1.2406702208682407,0.5952380952380953,-0.8258853308498715,1.6121664939217126,2
Steve O'Neal,1969,0.0,0.0,0.0,0.0,0.0,0.0,0.0,5
Steve Spurrier,1967,0.0,0.0,0.0,0.0,0.0,0.0,0.0,5
Steve Superick,1987,0.0,0.0,0.0,0.0,0.0,0.0,0.0,1
Steve Weatherford,2006,0.0,0.0,0.0,0.0,0.0,0.0,0.0,10
Steve Zabel,1976,0.0,0.0,0.0,0.0,0.0,0.09131403118040093,0.09131403118040093,1
T.J. Conley,2011,0.0,0.0,0.0,0.0,0.0,0.0,0.0,1
Taylor Mehlhaff,2008,0.0,0.05660377358490565,-2.3478260869565215,0.7649006622516555,0.0,-0.9489795918367356,-2.475301242956696,1
Ted Thompson,1980,0.0,0.0,0.0,0.0,0.0,0.20400728597449902,0.20400728597449902,1
Teddy Garcia,1988,0.0,-1.376642036124796,-10.187409988385598,-0.66251098997714,-3.6635561160151324,-5.450936095295817,-21.341055225798485,3
Terry Bradshaw,1970,0.0,0.0,0.0,0.0,0.0,0.0,0.0,2
Terry Joyce,1976,0.0,0.0,0.0,0.0,0.0,0.0,0.0,2
Terry Swanson,1967,0.0,0.0,0.0,0.0,0.0,0.0,0.0,3
Thomas Morstead,2009,0.0,0.0,0.0,0.0,0.0,0.0,0.0,12
Thurlow Cooper,1961,0.0,0.0,0.0,-0.6724137931034483,0.0,0.0,-0.6724137931034483,1
Tim Duncan,2003,0.0,0.23487544483985756,-3.9205776173285196,-1.1616161616161613,0.09677419354838701,-0.9042553191489358,-5.654799459705372,1
Tim Lashar,1987,0.0,0.6398104265402846,0.0,-1.6153846153846154,0.0,0.3256704980842926,-0.6499036907600382,1
Tim Masthay,2010,0.0,0.0,0.0,0.0,0.0,0.0,0.0,6
Tim Mazzetti,1978,0.28571428571428603,3.8923183170420748,-9.634756770755246,-0.07666666666666666,0.27500000000000013,-2.017826651138133,-7.276217485803683,3
Tim Seder,2000,0.0,-0.31309404100904814,-5.29909475736774,-3.7820031726715246,-4.791055600322322,0.6365189822506885,-13.548728589119946,3
Tim Smith,1985,0.0,0.0,0.0,0.0,0.0,0.0,0.0,1
Tim Webster,1971,0.47142857142857175,1.2622950819672125,-1.6733668341708543,-2.2767857142857144,-0.7058823529411764,0.15960099750623424,-2.7627102504957266,1
Toby Gowin,1997,0.0,0.0,0.0,0.0,-1.576923076923077,0.0,-1.576923076923077,8
Todd France,2005,0.0,0.5735294117647065,0.44147157190635455,-2.577319587628866,0.0,0.08078994614003587,-1.481528657817769,1
Todd Peterson,1994,0.38866396761133604,-10.630038020538269,-0.09237598745353814,19.08142848066023,-6.64727647442079,1.8982130945976774,3.998615060456643,12
Todd Sauerbrun,1995,0.0,0.0,0.5581395348837209,0.0,0.0,0.033641715727501964,0.5917812506112229,13
Todd Schlopy,1987,0.0,0.21327014218009466,-3.568548387096774,-1.6153846153846154,0.0,-0.9348659003831417,-5.905528760684436,1
Tom Birney,1979,0.0,-1.2120165745856353,1.8690403821102923,-0.956666666666667,0.27500000000000013,-5.207197415693024,-5.231840274835034,2
Tom Blanchard,1971,0.0,0.0,0.0,0.0,0.0,0.0,0.0,11
Tom Brady,2003,0.0,0.0,0.0,0.0,0.0,0.0,0.0,2
Tom Dempsey,1969,0.7657957789020614,-1.0670092263498017,-5.2926172803964775,24.188265504162388,16.05108209906401,-13.660533656751898,20.984983218630283,11
Tom Gilburg,1961,0.0,0.0,0.0,0.0,0.0,0.0,0.0,5
Tom Greene,1960,0.0,0.0,0.0,0.0,0.0,0.0,0.0,1
Tom Hutton,1995,0.0,0.0,0.0,0.0,0.0,0.0,0.0,5
Tom Janik,1964,0.0,0.0,0.0,0.0,0.0,0.0,0.0,4
Tom Jurich,1978,0.0,-5.1098901098901095,0.0,-1.4857142857142858,0.0,0.13849287169042768,-6.457111523913968,1
Tom McNeill,1967,0.0,0.0,0.0,0.0,0.0,0.0,0.0,7
Tom O'Connor,1987,0.0,0.0,0.0,0.0,0.0,0.0,0.0,1
Tom Orosz,1981,0.0,0.0,0.0,0.0,0.0,0.0,0.0,4
Tom Pennington,1962,-2.0204081632653064,1.148936170212766,-3.169811320754717,0.0,0.0,-1.009900990099009,-5.0511843039062665,1
Tom Rouen,1993,0.0,0.0,0.0,0.0,0.0,-0.982840800762631,-0.982840800762631,13
Tom Skladany,1978,0.0,0.0,0.0,0.0,0.0,0.0,0.0,6
Tom Tracy,1960,0.0,-2.0307692307692307,2.391304347826087,-1.5468392993145468,0.0,0.1479147197531132,-1.0383894625045775,3
Tom Tupa,1989,0.0,0.0,0.0,0.0,0.0,0.0,0.0,12
Tom Wittum,1973,0.0,-1.7349397590361448,0.0,0.0,0.0,-1.6774193548387095,-3.4123591138748544,5
Tom Yewcic,1961,0.0,0.0,0.0,0.0,0.0,0.0,0.0,6
Tommy Barnhardt,1987,0.0,0.0,0.0,0.0,0.0,0.0,0.0,14
Tommy Brooker,1962,0.9607513914656775,5.079218912760841,-0.638390032174402,-9.462812355679299,-1.7058823529411764,4.523222975232153,-1.2438914613362049,5
Tommy Davis,1960,5.203896843643584,-9.51546682938575,-12.566151384671958,-16.104452531811248,4.703102453102453,8.798037568480492,-19.481033880642425,10
Tommy Morrow,1962,0.0,0.0,0.0,0.0,0.0,0.0,0.0,1
Tommy O'Connell,1960,0.0,-1.7333333333333332,0.0,0.0,0.0,0.0,-1.7333333333333332,1
Tommy Parks,2001,0.0,0.0,0.0,0.0,0.0,0.0,0.0,1
Tommy Thompson,1995,0.0,0.0,0.0,0.0,0.0,0.0,0.0,3
Tommy Townsend,2020,0.0,0.0,0.0,0.0,0.0,0.0,0.0,1
Toni Fritsch,1971,4.009203832752616,5.922864486706303,-0.5667070364461742,8.325666640441515,5.316775281869168,4.739598477197473,27.747401682520902,11
Toni Linhart,1972,-1.7785263157894735,-2.13300447706444,-1.6043733095265384,-12.734348575684166,-0.9454545454545454,4.424283725022388,-14.771423498496775,7
Tony Franklin,1979,1.8887729356836915,-0.8271063820677385,1.454366091535952,-2.81446103051124,-0.09783201706018896,1.9959074387948839,1.5996470363753588,10
Tony Galbreath,1978,-2.2105263157894735,0.75,0.0,0.0,0.0,-1.7557996046704398,-3.216325920459913,2
Tony Lorick,1968,0.0,0.0,0.0,0.0,0.0,0.0,0.0,1
Tony Zendejas,1985,0.36713286713286686,-6.739261664514514,-8.840720652433054,-0.7151748084734999,21.508556190346344,-2.086576423099718,3.4939555089584244,11
Travis Coons,2015,0.0,1.0858966310943705,0.05042016806722671,1.1721480582524284,-3.9000000000000004,-1.2400473016742533,-2.8315824442602278,2
Travis Dorsch,2002,0.0,0.0,0.0,0.0,0.0,0.0,0.0,1
Tress Way,2014,0.0,0.0,0.0,0.0,0.0,0.0,0.0,7
Trevor Daniel,2018,0.0,0.0,0.0,0.0,0.0,0.0,0.0,3
Ty Long,2019,0.0,0.0,-2.2188679245283014,1.292307692307693,1.2620689655172412,0.550413223140497,0.8859219564371299,2
Tyler Bass,2020,0.0,0.6862745098039218,-7.601941747572816,2.2469635627530353,0.17910447761194082,1.4342105263157876,-3.0553886710881306,1
Uwe von Schamann,1979,0.26086956521739113,11.580744591860551,-1.4721589908612573,-13.228400401682553,-3.783298385820541,-0.8262999169899032,-7.468543538276311,6
Van Tiffin,1987,0.0,0.21327014218009466,-1.3790322580645162,1.1538461538461537,1.823529411764706,0.35823754789272044,2.1698509976191587,1
Vince Abbott,1987,0.0,-1.4018562401263814,1.836546026750589,-3.308010171646535,-3.5294117647058822,0.3375588920053545,-6.065173257722855,2
Vincent Gamache,1986,0.0,0.0,0.0,0.0,0.0,0.0,0.0,2
Virgil Carter,1971,0.0,0.0,0.0,0.0,0.0,0.01995012468827928,0.01995012468827928,1
Wade Richey,1998,0.0,-5.6792300478974,-6.8859053024687045,-13.457188753291659,-1.712903763605188,-2.87058501980086,-30.60581288706381,5
Wade Traynham,1966,0.0,-1.0645161290322578,-0.5719214039298035,1.1076923076923078,-0.6428571428571428,0.6669706109279652,-0.5046317571989312,2
Wade Wilson,1986,0.0,0.0,0.0,0.0,0.0,0.0,0.0,1
Wahoo McDaniel,1962,0.0,0.0,0.0,0.0,0.0,0.0,0.0,2
Walt Cudzik,1960,0.0,0.0,0.0,-0.6290322580645161,0.0,0.0,-0.6290322580645161,1
Walter Payton,1975,0.0,0.0,0.0,0.0,0.0,0.0,0.0,1
Wayne Crow,1960,0.0,0.0,0.0,0.0,0.0,0.0,0.0,4
Wayne Walker,1961,-3.3706672118417993,-12.482970866885815,-6.010400245405002,-1.7255169471142637,-5.830494067336172,4.633681137878724,-24.786368200704327,11
Wendell Harris,1962,-1.3574612230344094,0.0,-1.53,-0.81,0.0,-2.6136197795741216,-6.311081002608531,2
Wes Chandler,1979,0.0,0.0,0.0,0.0,0.0,0.0,0.0,2
Wes Welker,2004,0.0,0.1071428571428571,0.0,0.0,0.0,0.01747138445082108,0.12461424159367818,2
Wil Lutz,2016,0.0,-0.22455949203632386,0.4052306298190578,19.346213564143984,-1.6954526545859825,8.919178848243,26.750610895583737,5
Wilbur Summers,1977,0.0,0.0,0.0,0.0,0.0,0.0,0.0,1
Will Brice,1997,0.0,0.0,0.0,0.0,0.0,0.0,0.0,2
Willie Beecher,1987,0.0,0.0,0.8104838709677419,-0.23076923076923062,0.0,0.39080459770115006,0.9705192378996613,1
Willie Williams,1968,0.0,0.0,0.0,0.0,0.0,0.0,0.0,1
Willie Wood,1964,0.0,0.0,-1.7647058823529411,0.0,0.0,0.043893129770992356,-1.7208127525819488,1
Wilson Alvarez,1981,0.0,1.309859154929577,0.0,-6.28125,0.0,-0.27330895795246946,-5.244699803022892,1
Yale Lary,1960,0.0,0.0,0.0,0.0,0.0,0.0,0.0,5
Younghoe Koo,2017,0.0,1.519016666966754,1.3513464004396383,-3.134878542510121,8.471024189397838,-0.7712787478337724,7.435229966460337,3
Zach Hocker,2015,0.0,0.22881355932203462,-1.9411764705882337,-3.815533980582524,-0.9000000000000001,-0.2415776499589164,-6.66947454180764,1
Zane Gonzalez,2017,0.0,1.4959721362350564,-1.9882688521460947,-14.993402696767994,-1.2119250044589318,0.897756897836647,-15.799867519301316,4
Zeke Bratkowski,1960,0.0,0.0,0.0,0.0,0.0,0.0,0.0,2
Zenon Andrusyshyn,1978,0.0,0.0,0.0,0.0,0.0,0.0,0.0,1
Zoltan Mesko,2010,0.0,0.0,0.0,0.0,0.0,0.0,0.0,4
